element,web_name,team,pos,price,xp,sd,xmins,p_start,n_fix,fpl_ep_next,matched_prior,naive_recent6,eligible,xp_next,xp_total,p6,p10,p15
426,B.Fernandes,MUN,MID,12.0,5.586,3.08,83.0,0.988,1,12.5,True,12.5,1,5.59;6.13;5.72;6.13;5.45;5.73,34.75,40.1,13.2,3.6
411,Haaland,MCI,FWD,15.5,5.484,3.136,83.1,0.987,1,7.5,True,7.5,1,5.48;5.82;5.97;5.87;5.48;5.60,34.22,46.9,13.6,2.6
154,Palmer,CHE,MID,9.6,5.384,3.595,81.9,0.968,1,10.0,True,10.0,1,5.38;4.59;4.41;4.63;4.50;4.99,28.5,44.4,11.9,3.0
165,João Pedro,CHE,FWD,7.6,5.358,3.251,82.8,0.982,1,10.0,True,10.0,1,5.36;4.40;4.37;4.55;4.39;4.79,27.86,49.6,14.9,3.1
12,Saka,ARS,MID,9.5,5.035,3.048,82.4,0.975,1,10.0,True,10.0,1,5.04;4.87;4.82;4.94;4.74;5.07,29.48,38.2,11.7,1.7
427,Mbeumo,MUN,MID,8.0,4.778,3.146,82.9,0.983,1,6.5,True,6.5,1,4.78;5.31;4.91;5.31;4.64;4.92,29.87,37.1,7.9,1.9
106,Thiago,BRE,FWD,8.0,4.678,3.034,83.0,0.985,1,1.0,True,1.0,1,4.68;4.16;4.65;4.37;4.94;4.02,26.82,44.7,11.9,2.2
399,Cherki,MCI,MID,7.7,4.663,2.592,77.2,0.893,1,11.0,True,11.0,1,4.66;4.73;5.01;4.78;4.66;4.64,28.48,33.1,9.1,0.9
84,Collins,BRE,DEF,5.5,4.616,2.535,83.5,0.992,1,4.5,True,4.5,1,4.62;3.33;3.71;3.82;4.00;4.00,23.48,39.4,8.3,0.4
94,Schade,BRE,MID,6.0,4.552,3.029,82.8,0.981,1,6.5,True,6.5,1,4.55;3.94;4.38;4.18;4.64;3.94,25.63,33.0,6.2,1.8
480,Gibbs-White,NFO,MID,7.9,4.52,2.86,83.1,0.986,1,7.5,True,7.5,1,4.52;4.18;4.22;4.02;5.14;3.97,26.05,30.8,5.3,1.4
388,Guéhi,MCI,DEF,6.0,4.489,2.737,83.5,0.994,1,6.0,True,6.0,1,4.49;3.56;4.76;3.70;4.49;3.92,24.92,40.0,5.2,0.7
130,Wieffer,BHA,DEF,5.0,4.486,2.408,82.3,0.974,1,3.5,True,3.5,1,4.49;4.45;4.51;4.67;4.39;4.04,26.55,32.1,7.6,1.6
387,O'Reilly,MCI,DEF,6.5,4.467,2.946,83.3,0.989,1,2.0,True,2.0,1,4.47;3.58;4.78;3.72;4.47;3.91,24.93,42.6,6.7,1.1
237,Ndiaye,EVE,MID,6.0,4.407,2.579,82.5,0.982,1,6.5,True,6.5,1,4.41;4.17;4.17;3.95;4.25;4.58,25.53,28.7,7.3,0.8
87,Ajer,BRE,DEF,4.5,4.382,2.233,82.5,0.977,1,5.5,True,5.5,1,4.38;3.17;3.49;3.63;3.75;3.84,22.26,36.1,4.8,0.1
82,Kelleher,BRE,GKP,5.0,4.369,1.805,83.0,0.988,1,4.5,True,4.5,1,4.37;3.22;3.47;3.65;3.69;3.92,22.32,31.4,0.2,0.0
492,Awoniyi,COV,FWD,5.5,4.345,2.831,79.0,0.922,1,1.5,True,1.5,0,4.34;4.57;4.12;4.53;4.22;4.55,26.33,40.5,9.5,1.5
481,Anderson,MCI,MID,6.4,4.33,1.79,82.5,0.977,1,2.5,True,2.5,1,4.33;4.26;4.50;4.29;4.33;4.26,25.97,17.6,3.2,0.3
115,De Cuyper,BHA,DEF,4.7,4.329,3.056,82.8,0.981,1,8.5,True,8.5,0,4.33;4.14;4.76;4.47;4.24;3.92,25.86,31.8,7.8,1.5
40,Rogers,CHE,MID,7.5,4.321,2.817,82.9,0.987,1,6.5,True,6.5,1,4.32;3.87;3.70;3.85;3.78;4.13,23.65,33.4,6.0,1.1
398,Foden,MCI,MID,7.0,4.32,2.649,82.4,0.975,1,5.0,True,5.0,1,4.32;4.36;4.65;4.41;4.32;4.29,26.35,30.5,4.9,1.0
249,Barry,EVE,FWD,5.5,4.271,2.762,78.6,0.916,1,5.0,True,5.0,1,4.27;3.88;3.80;3.60;4.09;4.59,24.23,38.5,8.6,1.3
277,Egan,HUL,DEF,4.0,4.22,2.144,82.9,0.987,1,8.5,False,8.5,0,4.22;3.30;3.60;4.31;3.88;3.89,23.2,30.5,4.3,0.9
68,Tavernier,BOU,MID,6.0,4.185,2.647,82.6,0.978,1,5.5,True,5.5,1,4.18;4.34;4.62;4.10;4.55;4.27,26.06,28.9,4.5,0.8
346,Calvert-Lewin,LEE,FWD,6.0,4.184,2.705,82.8,0.981,1,4.5,True,4.5,1,4.18;4.43;4.25;4.94;4.58;4.12,26.5,37.4,8.1,1.2
472,Murillo,NFO,DEF,5.5,4.133,2.231,83.0,0.988,1,2.5,True,2.5,1,4.13;3.47;4.06;3.16;3.51;3.69,22.02,34.6,4.8,0.1
356,Virgil,LIV,DEF,6.5,4.132,2.363,83.6,0.995,1,1.5,True,1.5,1,4.13;4.44;3.46;3.74;3.61;4.13,23.51,31.5,6.8,0.3
13,Rice,ARS,MID,7.5,4.128,2.071,82.7,0.98,1,4.0,True,4.0,1,4.13;4.09;4.01;4.11;4.01;4.20,24.55,23.0,4.3,0.6
469,N.Williams,NFO,DEF,5.0,4.126,2.453,83.6,0.993,1,4.0,True,4.0,1,4.13;3.43;4.01;3.10;3.61;3.60,21.88,39.2,4.4,0.3
127,Gomez,BHA,MID,5.0,4.117,2.535,82.4,0.976,1,5.5,True,5.5,1,4.12;3.84;4.85;4.08;4.12;4.11,25.12,26.2,3.7,0.7
467,Sels,NFO,GKP,5.0,4.092,1.775,83.1,0.986,1,1.5,True,1.5,1,4.09;3.48;4.08;3.19;3.31;3.75,21.9,29.9,0.1,0.0
279,Ajayi,HUL,DEF,4.1,4.09,2.617,82.5,0.982,1,10.0,False,10.0,0,4.09;3.12;3.43;4.17;3.71;3.74,22.26,34.5,3.9,0.6
69,Scott,BOU,MID,6.0,4.045,1.956,82.8,0.981,1,7.0,True,7.0,1,4.04;4.15;4.30;3.98;4.32;4.08,24.87,17.8,3.2,0.6
202,Richards,CRY,DEF,5.0,4.041,2.259,83.4,0.99,1,1.5,True,1.5,1,4.04;4.57;3.77;4.49;3.72;4.17,24.76,28.6,6.1,0.2
229,Tarkowski,EVE,DEF,6.0,4.013,2.335,83.5,0.994,1,9.0,True,9.0,1,4.01;4.26;4.56;4.17;3.86;3.67,24.53,28.6,7.2,0.3
453,Barnes,NEW,MID,6.0,3.996,2.552,82.6,0.978,1,2.5,True,2.5,1,4.00;3.82;4.01;3.78;4.23;3.82,23.66,26.5,3.8,0.7
397,Semenyo,MCI,MID,8.5,3.989,2.557,82.8,0.986,1,3.5,True,3.5,1,3.99;4.00;4.28;4.05;3.99;3.94,24.25,26.2,3.7,0.8
203,Canvot,CRY,DEF,5.0,3.977,2.266,82.8,0.981,1,0.5,True,0.5,0,3.98;4.50;3.71;4.42;3.66;4.11,24.38,27.9,6.2,0.2
391,Gvardiol,MCI,DEF,5.6,3.976,2.538,79.7,0.937,1,7.0,True,7.0,0,3.98;3.09;4.21;3.21;3.98;3.44,21.91,35.9,3.6,0.4
471,Milenković,NFO,DEF,5.5,3.967,2.114,83.6,0.994,1,2.5,True,2.5,1,3.97;3.32;3.91;3.01;3.29;3.55,21.05,33.6,1.6,0.1
445,Thiaw,NEW,DEF,5.0,3.957,2.534,83.6,0.994,1,4.5,True,4.5,1,3.96;3.79;4.60;4.18;4.47;3.68,24.68,29.4,3.0,0.6
88,Kayode,BRE,DEF,4.6,3.949,2.415,83.4,0.993,1,7.5,True,7.5,1,3.95;2.68;3.04;3.16;3.33;3.35,19.51,39.2,3.9,0.3
236,Dewsbury-Hall,EVE,MID,6.5,3.935,2.365,82.6,0.977,1,6.5,True,6.5,1,3.93;3.73;3.74;3.54;3.79;4.08,22.81,26.7,3.5,0.5
26,Havertz,ARS,FWD,7.5,3.92,2.523,78.6,0.915,1,4.0,True,4.0,0,3.92;3.72;3.76;3.80;3.65;3.87,22.72,33.9,6.4,0.8
366,Wirtz,LIV,MID,7.5,3.914,2.376,82.2,0.972,1,3.0,True,3.0,1,3.91;4.44;3.90;4.40;3.98;4.40,25.03,24.9,3.2,0.6
393,Khusanov,MCI,DEF,5.5,3.884,2.181,82.5,0.976,1,2.0,True,2.0,0,3.88;2.91;4.07;3.04;3.88;3.31,21.09,34.6,2.4,0.1
335,Stach,LEE,MID,6.0,3.857,1.989,82.1,0.972,1,8.5,True,8.5,1,3.86;4.04;3.95;4.20;4.09;3.94,24.08,19.7,3.5,0.6
210,Wharton,CRY,MID,5.5,3.844,1.895,82.9,0.983,1,3.0,True,3.0,1,3.84;3.89;3.71;3.99;3.80;3.99,23.22,21.4,3.7,0.2
428,Cunha,MUN,MID,8.0,3.837,2.385,81.6,0.962,1,5.5,True,5.5,1,3.84;4.12;3.91;4.18;3.74;3.91,23.7,24.1,3.1,0.5
156,Neto,CHE,MID,6.5,3.827,2.562,72.5,0.83,1,4.0,True,4.0,1,3.83;3.43;3.28;3.41;3.35;3.65,20.95,29.5,4.6,0.7
474,Jair Cunha,NFO,DEF,4.5,3.82,2.174,81.1,0.954,1,1.0,True,1.0,0,3.82;3.18;3.75;2.89;3.21;3.40,20.25,33.4,2.0,0.1
390,Rúben,MCI,DEF,5.5,3.818,2.15,83.1,0.986,1,2.0,True,2.0,1,3.82;2.83;4.00;2.96;3.82;3.23,20.66,34.7,2.3,0.1
542,E.Le Fée,SUN,MID,5.9,3.803,2.176,83.0,0.984,1,2.5,True,2.5,1,3.80;4.64;3.89;4.14;3.73;4.01,24.21,22.6,4.5,0.3
112,Van Hecke,TOT,DEF,5.0,3.791,2.343,83.4,0.993,1,1.0,True,1.0,1,3.79;4.20;4.12;3.31;4.28;3.16,22.86,29.9,2.5,0.3
367,Gakpo,LIV,MID,7.0,3.773,2.358,80.1,0.938,1,8.5,True,8.5,1,3.77;4.28;3.76;4.25;3.84;4.25,24.15,24.1,3.1,0.5
253,Andersen,FUL,DEF,5.0,3.77,2.13,83.0,0.988,1,0.5,True,0.5,1,3.77;3.42;3.70;3.89;4.27;3.89,22.94,27.8,4.8,0.1
86,Lewis-Potter,BRE,MID,5.5,3.752,2.272,79.8,0.935,1,8.0,True,8.0,1,3.75;3.32;3.59;3.49;3.76;3.36,21.27,22.6,2.7,0.5
447,Botman,NEW,DEF,5.0,3.75,2.213,82.9,0.982,1,4.0,True,4.0,1,3.75;3.61;4.40;4.01;4.23;3.50,23.5,26.5,5.9,0.2
305,Davis,IPS,DEF,4.0,3.736,2.626,81.6,0.972,1,4.0,False,4.0,0,3.74;3.19;3.60;4.01;2.89;4.03,21.46,31.9,3.9,0.6
4,Gabriel,ARS,DEF,8.0,3.734,2.404,83.5,0.992,1,6.5,True,6.5,1,3.73;4.23;3.57;4.04;3.93;4.35,23.85,28.2,2.8,0.4
67,Rayan,BOU,MID,6.5,3.73,2.313,82.9,0.983,1,2.0,True,2.0,1,3.73;3.86;4.07;3.65;4.05;3.79,23.15,23.3,2.8,0.4
79,Evanilson,BOU,FWD,6.0,3.726,2.348,81.9,0.967,1,4.5,True,4.5,1,3.73;3.83;4.09;3.69;3.91;3.83,23.08,30.2,5.0,0.6
200,Lacroix,CHE,DEF,6.0,3.722,2.241,83.5,0.994,1,3.5,True,3.5,1,3.72;4.64;3.72;3.98;4.15;4.74,24.95,23.3,7.2,0.3
379,Isak,LIV,FWD,9.0,3.722,2.369,78.9,0.921,1,5.0,True,5.0,0,3.72;4.30;3.83;4.39;3.91;4.31,24.46,30.1,5.0,0.6
473,Aina,NFO,DEF,4.5,3.716,2.21,82.0,0.976,1,2.5,True,2.5,0,3.72;3.06;3.63;2.75;3.12;3.26,19.54,35.1,2.8,0.1
368,Szoboszlai,LIV,MID,7.0,3.702,2.101,82.9,0.986,1,6.0,True,6.0,1,3.70;4.13;3.67;4.07;3.74;4.08,23.39,21.4,2.2,0.3
43,Tielemans,MUN,MID,6.0,3.7,1.86,81.9,0.967,1,3.0,True,3.0,1,3.70;3.86;3.74;3.96;3.62;3.73,22.61,17.7,3.2,0.2
36,Maatsen,AVL,DEF,4.5,3.692,2.258,82.7,0.979,1,0.5,True,0.5,1,3.69;4.03;3.80;3.60;3.29;3.31,21.72,32.0,2.8,0.2
491,Igor Jesus,NFO,FWD,6.0,3.691,2.325,82.7,0.979,1,1.5,True,1.5,1,3.69;3.50;3.45;3.41;4.31;3.29,21.65,29.8,4.9,0.5
211,Yeremy,CRY,MID,5.5,3.668,2.298,75.1,0.86,1,3.0,True,3.0,1,3.67;3.68;3.51;3.82;3.63;3.85,22.16,24.5,3.1,0.4
464,Wissa,NEW,FWD,6.1,3.667,2.55,71.4,0.803,1,6.0,True,6.0,0,3.67;3.47;3.54;3.34;3.86;3.49,21.37,33.9,6.5,0.9
532,Ballard,SUN,DEF,5.0,3.654,2.19,83.1,0.986,1,4.0,True,4.0,1,3.65;4.15;3.34;4.15;3.51;4.19,22.99,23.7,6.2,0.2
60,Hill,BOU,DEF,5.5,3.64,2.025,83.3,0.989,1,2.5,True,2.5,1,3.64;3.94;4.02;3.33;4.65;3.48,23.06,25.1,4.3,0.1
384,Donnarumma,MCI,GKP,5.5,3.634,1.776,83.0,0.988,1,1.5,True,1.5,1,3.63;2.61;3.75;2.72;3.63;3.03,19.37,29.5,0.1,0
338,Ampadu,LEE,MID,5.5,3.607,1.634,82.8,0.986,1,3.5,True,3.5,1,3.61;3.75;3.68;3.81;3.77;3.70,22.32,12.8,1.9,0.3
286,Belloumi,HUL,MID,5.0,3.601,2.08,79.9,0.952,1,4.5,False,4.5,0,3.60;3.33;3.39;3.58;3.44;3.49,20.83,19.2,4.3,0.3
591,Enciso,IPS,MID,5.5,3.594,2.442,70.0,0.833,1,5.0,True,5.0,0,3.59;3.17;3.26;3.54;3.28;3.46,20.3,25.4,3.4,0.5
214,Kamada,CRY,MID,5.0,3.581,1.848,82.0,0.969,1,2.5,True,2.5,1,3.58;3.63;3.46;3.71;3.54;3.71,21.63,17.8,3.1,0.2
304,O'Shea,IPS,DEF,4.0,3.57,2.211,82.2,0.978,1,2.0,False,2.0,0,3.57;3.12;3.52;3.87;2.77;3.92,20.77,28.4,2.4,0.2
124,Groß,BHA,MID,5.5,3.559,1.977,83.1,0.986,1,7.5,True,7.5,1,3.56;3.37;4.05;3.55;3.55;3.53,21.61,21.3,1.9,0.2
98,Janelt,BRE,MID,5.0,3.546,1.946,79.0,0.921,1,5.0,True,5.0,0,3.55;3.17;3.39;3.31;3.53;3.22,20.17,18.8,1.7,0.2
96,Damsgaard,BRE,MID,5.5,3.544,2.026,67.7,0.745,1,2.0,True,2.0,1,3.54;3.18;3.42;3.32;3.56;3.20,20.22,19.8,3.8,0.2
41,Buendía,AVL,MID,6.0,3.536,1.966,82.1,0.97,1,2.0,True,2.0,1,3.54;3.83;3.71;3.75;3.63;3.83,22.29,17.4,3.7,0.2
138,Kostoulas,BHA,FWD,5.5,3.533,2.393,70.5,0.788,1,3.0,True,3.0,0,3.53;3.22;4.38;3.45;3.55;3.61,21.74,30.7,5.2,0.6
95,O.Dango,BRE,MID,6.5,3.531,2.469,63.6,0.708,1,2.0,True,2.0,1,3.53;3.09;3.40;3.27;3.59;3.10,19.98,24.3,3.5,0.6
268,King,FUL,MID,5.5,3.522,2.214,81.2,0.957,1,4.5,True,4.5,0,3.52;3.50;3.68;3.32;3.51;3.32,20.85,20.1,2.2,0.4
295,McBurnie,HUL,FWD,5.5,3.505,2.322,81.0,0.964,1,3.0,False,3.0,0,3.50;3.30;3.33;3.44;3.34;3.42,20.33,28.9,4.7,0.5
282,Giles,HUL,DEF,4.0,3.488,2.182,81.5,0.971,1,6.0,False,6.0,0,3.49;2.58;2.87;3.58;3.15;3.16,18.83,30.7,2.3,0.1
449,Hall,NEW,DEF,5.0,3.485,2.174,83.2,0.987,1,7.0,True,7.0,1,3.48;3.33;4.13;3.73;3.97;3.23,21.87,29.3,2.7,0.2
254,Robinson,FUL,DEF,4.5,3.47,2.258,81.6,0.963,1,1.5,True,1.5,0,3.47;3.13;3.42;3.56;3.94;3.56,21.08,29.3,2.6,0.2
525,Fernandes,TOT,MID,5.9,3.467,1.599,82.3,0.974,1,1.5,True,1.5,1,3.47;3.61;3.62;3.46;3.55;3.39,21.1,13.0,2.0,0.2
459,L.Miley,NEW,MID,5.5,3.465,1.815,80.7,0.948,1,3.0,True,3.0,0,3.47;3.36;3.53;3.37;3.62;3.36,20.71,16.2,2.7,0.1
260,Wilson,LEE,MID,6.5,3.464,2.242,78.6,0.916,1,2.0,True,2.0,1,3.46;3.67;3.56;3.89;3.74;3.53,21.85,22.5,2.7,0.4
8,Calafiori,ARS,DEF,5.6,3.458,2.691,82.0,0.969,1,10.0,True,10.0,1,3.46;3.90;3.27;3.74;3.60;4.05,22.02,25.3,4.1,0.8
516,Bentancur,TOT,MID,5.5,3.45,1.434,80.1,0.94,1,1.5,True,1.5,1,3.45;3.57;3.58;3.43;3.53;3.37,20.93,9.7,1.4,0.1
15,Ødegaard,ARS,MID,6.6,3.447,2.053,75.3,0.864,1,7.0,True,7.0,0,3.45;3.41;3.34;3.42;3.32;3.51,20.45,20.9,2.1,0.2
544,Xhaka,SUN,MID,5.5,3.436,1.509,82.8,0.981,1,7.5,True,7.5,1,3.44;3.87;3.46;3.64;3.39;3.58,21.38,13.1,1.6,0.1
109,Verbruggen,BHA,GKP,4.5,3.429,1.652,83.0,0.988,1,3.0,True,3.0,1,3.43;3.53;3.09;3.65;3.32;2.95,19.97,23.0,0.0,0
259,Diop,IPS,DEF,4.0,3.424,2.252,83.2,0.987,1,2.0,True,2.0,0,3.42;2.98;3.38;3.73;2.62;3.78,19.91,27.8,2.1,0.2
230,Branthwaite,EVE,DEF,5.5,3.42,2.105,81.2,0.957,1,5.0,True,5.0,0,3.42;3.69;3.99;3.62;3.29;3.06,21.07,25.0,1.6,0.1
499,Pedro Porro,TOT,DEF,5.5,3.415,2.24,82.8,0.981,1,0.5,True,0.5,1,3.41;3.82;3.74;2.95;3.89;2.79,20.6,23.1,3.0,0.2
332,Justin,LEE,DEF,4.5,3.414,2.191,82.9,0.983,1,6.0,True,6.0,1,3.41;3.87;3.77;3.38;3.72;4.06,22.21,24.8,2.0,0.2
244,Armstrong,EVE,MID,5.0,3.409,1.966,76.1,0.877,1,5.0,True,5.0,0,3.41;3.29;3.31;3.17;3.31;3.49,19.98,16.9,3.0,0.2
418,Maguire,MUN,DEF,5.0,3.408,2.17,82.9,0.983,1,2.5,True,2.5,1,3.41;3.07;3.37;3.99;3.11;3.24,20.19,28.6,2.1,0.2
261,Iwobi,FUL,MID,5.5,3.403,1.882,82.3,0.979,1,2.0,True,2.0,1,3.40;3.38;3.53;3.25;3.41;3.25,20.22,19.3,1.6,0.2
290,Slater,HUL,MID,4.5,3.402,2.052,80.0,0.952,1,4.0,False,4.0,0,3.40;3.12;3.19;3.37;3.24;3.29,19.61,20.6,2.0,0.3
198,Henderson,CRY,GKP,5.0,3.395,1.611,83.0,0.988,1,1.5,True,1.5,1,3.39;3.95;3.18;3.81;3.07;3.46,20.86,21.2,0.0,0
105,Anthony,BRE,MID,6.0,3.387,2.138,71.9,0.818,1,1.5,True,1.5,1,3.39;3.00;3.25;3.15;3.40;3.04,19.23,19.6,2.1,0.3
14,Eze,ARS,MID,6.4,3.379,2.277,67.6,0.744,1,1.0,True,1.0,1,3.38;3.31;3.26;3.34;3.23;3.42,19.94,21.1,2.6,0.3
565,M.Sangaré,BRE,MID,5.6,3.372,2.08,70.2,0.835,1,9.0,False,9.0,0,3.37;2.99;3.23;3.14;3.38;3.03,19.14,19.1,4.2,0.3
417,Dalot,MUN,DEF,5.0,3.367,2.262,81.1,0.954,1,1.5,True,1.5,1,3.37;3.07;3.34;3.96;3.07;3.22,20.03,22.8,2.6,0.2
246,Röhl,EVE,MID,5.0,3.361,1.894,78.0,0.906,1,2.5,True,2.5,0,3.36;3.26;3.28;3.14;3.27;3.43,19.74,16.2,2.8,0.2
533,Mukiele,SUN,DEF,5.5,3.36,2.047,82.8,0.985,1,4.5,True,4.5,1,3.36;3.82;3.04;3.85;3.22;3.89,21.18,23.9,1.8,0.1
113,F.Kadıoğlu,BHA,DEF,4.4,3.359,2.29,83.2,0.988,1,0.0,True,0.0,1,3.36;3.35;3.32;3.55;3.26;2.91,19.75,24.5,2.9,0.2
267,Lukić,IPS,MID,5.0,3.352,2.039,79.5,0.93,1,3.0,True,3.0,1,3.35;3.04;3.13;3.33;3.10;3.29,19.24,19.0,1.8,0.2
239,Garner,EVE,MID,6.0,3.343,1.791,73.9,0.87,1,1.0,True,1.0,1,3.34;3.24;3.26;3.12;3.25;3.41,19.62,16.9,2.6,0.1
34,Pau,AVL,DEF,4.5,3.342,2.137,82.9,0.983,1,1.0,True,1.0,1,3.34;3.63;3.42;3.20;2.91;2.88,19.38,29.1,1.6,0.1
350,A.Becker,LIV,GKP,5.5,3.342,1.68,82.7,0.984,1,1.0,True,1.0,1,3.34;3.45;2.64;2.73;2.76;3.14,18.06,24.2,0.0,0
412,Lammens,MUN,GKP,5.0,3.335,1.63,82.9,0.987,1,1.5,True,1.5,1,3.34;2.88;3.27;3.83;3.05;3.14,19.51,22.1,0.0,0
204,Mitchell,CRY,DEF,4.5,3.319,2.15,83.5,0.993,1,0.5,True,0.5,1,3.32;3.85;3.06;3.77;3.00;3.44,20.44,22.3,2.2,0.1
569,Gonzalo,FUL,FWD,6.0,3.313,2.332,68.1,0.811,1,4.0,False,4.0,0,3.31;3.36;3.55;3.00;3.17;3.00,19.39,25.1,4.1,0.5
315,Fatawu,IPS,MID,5.5,3.304,2.149,74.6,0.888,1,3.0,False,3.0,0,3.30;2.95;3.03;3.27;3.03;3.21,18.79,22.4,2.4,0.3
114,Boscagli,BHA,DEF,4.5,3.303,2.021,82.2,0.971,1,2.5,True,2.5,0,3.30;3.34;3.14;3.50;3.20;2.85,19.33,28.0,1.7,0.1
258,Castagne,FUL,DEF,4.5,3.299,2.256,80.2,0.94,1,6.0,True,6.0,1,3.30;2.97;3.26;3.38;3.76;3.38,20.05,21.9,2.5,0.2
70,Kluivert,BOU,MID,6.0,3.298,2.267,73.0,0.829,1,3.0,True,3.0,0,3.30;3.41;3.62;3.23;3.58;3.36,20.5,21.3,2.6,0.3
486,McAtee,NFO,MID,5.5,3.279,1.89,73.6,0.837,1,2.5,True,2.5,0,3.28;3.08;3.13;2.98;3.52;2.99,18.98,17.0,1.5,0.2
257,Bassey,FUL,DEF,4.5,3.277,2.146,83.4,0.99,1,1.0,True,1.0,1,3.28;2.92;3.20;3.41;3.78;3.41,20.0,26.8,1.6,0.1
336,Okafor,LEE,MID,5.9,3.274,2.265,68.3,0.755,1,1.5,True,1.5,0,3.27;3.47;3.36;3.69;3.53;3.32,20.64,20.2,2.4,0.3
454,Elanga,NEW,MID,6.1,3.259,1.987,76.3,0.88,1,8.5,True,8.5,0,3.26;3.14;3.30;3.14;3.42;3.14,19.4,17.8,1.7,0.2
572,Tzolakis,HUL,GKP,4.5,3.254,1.583,71.6,0.852,1,10.0,False,10.0,0,3.25;2.51;2.76;3.35;3.00;2.99,17.86,18.9,0.0,0
226,Pickford,EVE,GKP,5.5,3.251,1.573,83.0,0.989,1,5.0,True,5.0,1,3.25;3.61;3.93;3.60;3.15;2.82,20.36,19.7,0.1,0
61,Truffert,BOU,DEF,5.5,3.248,2.005,83.5,0.995,1,2.5,True,2.5,1,3.25;3.55;3.62;2.94;4.26;3.08,20.7,24.6,1.7,0.1
116,Dunk,BHA,DEF,4.5,3.242,2.161,83.4,0.991,1,2.5,True,2.5,1,3.24;3.27;3.11;3.44;3.14;2.78,18.98,24.0,1.7,0.1
401,Marmoush,TOT,FWD,7.0,3.232,2.174,71.5,0.805,1,1.0,True,1.0,0,3.23;3.42;3.49;3.41;3.24;3.27,20.06,26.2,3.7,0.4
362,Jacquet,LIV,DEF,5.0,3.227,1.984,77.1,0.918,1,2.0,False,2.0,0,3.23;3.44;2.60;2.78;2.72;3.15,17.92,25.3,1.4,0.1
358,Kerkez,LIV,DEF,5.5,3.222,2.105,82.1,0.971,1,0.5,True,0.5,1,3.22;3.46;2.55;2.76;2.69;3.15,17.83,23.9,1.6,0.1
250,Leno,FUL,GKP,4.5,3.215,1.612,83.0,0.988,1,2.5,True,2.5,1,3.21;2.85;3.07;3.43;3.76;3.43,19.75,21.3,0.0,0
32,Cash,AVL,DEF,4.5,3.213,2.104,83.1,0.986,1,0.5,True,0.5,1,3.21;3.51;3.30;3.08;2.78;2.76,18.64,24.0,2.0,0.1
184,Grimes,COV,MID,5.0,3.212,1.881,80.0,0.953,1,2.0,False,2.0,0,3.21;3.41;3.24;3.40;3.31;3.45,20.02,16.5,1.3,0.1
504,Vuskovic,BHA,DEF,5.0,3.206,2.149,77.3,0.92,1,3.0,True,3.0,0,3.21;3.21;3.12;3.39;3.11;2.78,18.82,26.0,1.9,0.1
45,McGinn,AVL,MID,5.5,3.202,1.885,82.7,0.98,1,1.0,True,1.0,1,3.20;3.49;3.37;3.40;3.29;3.48,20.23,17.6,1.5,0.2
334,Muharemović,LEE,DEF,5.0,3.198,1.983,79.9,0.952,1,5.0,False,5.0,0,3.20;3.62;3.54;3.11;3.46;3.83,20.76,21.4,1.3,0.1
455,Tonali,TOT,MID,5.4,3.194,1.631,80.7,0.948,1,2.0,True,2.0,1,3.19;3.34;3.36;3.20;3.28;3.12,19.49,13.3,2.1,0.1
483,Ndoye,NFO,MID,5.5,3.176,1.945,67.7,0.748,1,6.0,True,6.0,0,3.18;2.98;3.02;2.88;3.46;2.88,18.4,17.3,1.6,0.2
502,Robertson,TOT,DEF,4.5,3.173,2.164,75.6,0.869,1,2.5,True,2.5,0,3.17;3.53;3.47;2.75;3.60;2.61,19.13,19.6,2.1,0.2
357,Frimpong,LIV,DEF,5.5,3.161,2.099,80.7,0.948,1,0.5,True,0.5,0,3.16;3.42;2.52;2.75;2.65;3.12,17.62,22.5,2.1,0.1
10,White,ARS,DEF,5.5,3.156,2.186,79.3,0.927,1,9.0,True,9.0,0,3.16;3.63;3.01;3.45;3.35;3.73,20.33,18.9,2.3,0.2
514,Tel,TOT,MID,5.9,3.153,1.948,70.3,0.785,1,2.0,True,2.0,0,3.15;3.33;3.36;3.20;3.23;3.10,19.37,16.8,1.6,0.2
46,Barkley,AVL,MID,5.0,3.145,1.841,74.7,0.854,1,2.0,True,2.0,0,3.14;3.40;3.30;3.33;3.23;3.40,19.8,15.1,1.2,0.1
552,Brobbey,SUN,FWD,6.0,3.137,2.044,77.1,0.893,1,2.0,True,2.0,1,3.14;3.94;3.28;3.41;3.09;3.26,20.12,23.5,3.0,0.3
627,Barcola,LIV,MID,8.0,3.124,1.855,74.4,0.85,1,2.8,False,2.0,0,3.12;3.44;3.09;3.39;3.14;3.41,19.59,15.4,1.3,0.1
503,Van de Ven,TOT,DEF,5.0,3.12,2.238,82.7,0.985,1,0.0,True,0.0,1,3.12;3.51;3.42;2.63;3.60;2.49,18.77,24.2,1.9,0.2
264,Bobb,FUL,MID,5.5,3.11,1.918,69.5,0.774,1,2.5,True,2.5,0,3.11;3.10;3.24;2.94;3.10;2.94,18.43,17.1,1.6,0.2
566,Silva,BOU,DEF,5.0,3.091,2.12,78.9,0.94,1,3.0,False,3.0,0,3.09;3.38;3.46;2.80;4.05;2.94,19.72,22.7,1.7,0.2
432,Mainoo,MUN,MID,5.5,3.079,1.531,74.7,0.854,1,2.5,True,2.5,0,3.08;3.17;3.11;3.27;3.02;3.09,18.74,11.4,1.6,0.1
37,Lindelöf,AVL,DEF,4.5,3.075,1.966,81.8,0.966,1,0.0,True,0.0,0,3.07;3.32;3.13;2.91;2.63;2.57,17.63,22.5,1.1,0.0
423,Shaw,MUN,DEF,4.5,3.062,1.968,82.6,0.984,1,1.5,True,1.5,1,3.06;2.68;3.01;3.62;2.77;2.89,18.03,21.2,1.5,0.0
593,Dedić,NEW,DEF,4.5,3.059,1.986,78.9,0.939,1,6.0,False,6.0,0,3.06;2.94;3.68;3.33;3.50;2.84,19.35,22.9,1.4,0.1
233,Mykolenko,EVE,DEF,4.5,3.056,1.933,83.0,0.988,1,5.0,True,5.0,1,3.06;3.36;3.66;3.30;2.93;2.67,18.98,18.9,1.6,0.0
372,Mac Allister,LIV,MID,5.5,3.052,1.741,77.7,0.902,1,1.5,True,1.5,1,3.05;3.33;3.00;3.26;3.05;3.29,18.98,13.4,0.9,0.1
529,Roefs,SUN,GKP,5.0,3.05,1.47,82.9,0.987,1,3.5,True,3.5,1,3.05;3.19;2.67;3.43;2.93;3.53,18.8,16.5,0.0,0
265,Berge,FUL,MID,5.0,3.049,1.543,82.4,0.976,1,2.0,True,2.0,1,3.05;3.01;3.12;2.97;3.09;2.97,18.21,11.6,0.6,0.1
385,Trafford,LEE,GKP,5.0,3.03,1.45,79.5,0.947,1,6.0,True,6.0,0,3.03;3.40;3.35;2.80;3.22;3.67,19.47,15.5,0.0,0
419,Martinez,MUN,DEF,5.0,3.029,1.938,81.0,0.952,1,0.5,True,0.5,0,3.03;2.66;2.98;3.56;2.74;2.86,17.83,20.1,1.3,0.0
57,Petrović,BOU,GKP,4.5,3.028,1.498,83.0,0.988,1,2.5,True,2.5,1,3.03;3.30;3.30;2.73;3.98;2.84,19.18,17.4,0.0,0
309,Núñez,IPS,MID,5.0,3.003,1.948,68.5,0.815,1,3.0,False,3.0,0,3.00;2.72;2.80;2.98;2.77;2.94,17.21,16.6,1.4,0.2
224,Nketiah,CRY,FWD,5.5,2.998,2.207,56.9,0.62,1,1.5,True,1.5,0,3.00;2.92;2.86;3.09;3.01;3.18,18.06,23.6,3.4,0.3
496,Kinsky,TOT,GKP,4.5,2.972,1.569,76.5,0.911,1,1.5,True,1.5,0,2.97;3.27;3.17;2.47;3.41;2.38,17.67,18.9,0.0,0
47,Kamara,AVL,MID,5.0,2.971,1.42,81.2,0.961,1,2.0,True,2.0,0,2.97;3.14;3.06;3.06;2.98;3.08,18.29,9.7,0.4,0.0
161,Lavia,CHE,MID,5.0,2.957,2.204,60.1,0.67,1,4.0,True,4.0,0,2.96;2.70;2.58;2.68;2.64;2.86,16.42,19.4,2.2,0.2
330,Bogle,LEE,DEF,4.5,2.949,2.161,81.9,0.968,1,4.0,True,4.0,1,2.95;3.40;3.30;2.93;3.26;3.59,19.43,18.9,2.2,0.2
306,Greaves,IPS,DEF,4.0,2.948,2.081,81.0,0.964,1,0.5,False,0.5,0,2.95;2.53;2.93;3.26;2.18;3.31,17.16,20.9,1.7,0.1
222,Strand Larsen,CRY,FWD,6.0,2.926,1.902,71.8,0.809,1,1.5,True,1.5,1,2.93;2.87;2.83;3.00;2.93;3.06,17.62,20.7,2.3,0.2
183,Rudoni,COV,MID,5.0,2.91,1.935,65.0,0.704,1,2.0,False,2.0,0,2.91;3.08;2.91;3.07;2.97;3.11,18.05,15.8,1.5,0.1
190,Tchaouna,COV,MID,5.5,2.872,1.761,74.1,0.846,1,1.5,True,1.5,0,2.87;3.04;2.90;3.04;2.96;3.08,17.89,14.0,1.0,0.1
564,Scherpen,IPS,GKP,4.5,2.872,1.465,68.8,0.819,1,2.0,True,2.0,0,2.87;2.61;2.94;3.15;2.28;3.22,17.07,14.5,0.0,0
337,Aaronson,LEE,MID,5.5,2.864,1.9,65.3,0.737,1,2.0,True,2.0,1,2.86;3.02;2.93;3.17;3.06;2.92,17.96,15.5,1.3,0.1
28,Martinez,CHE,GKP,5.0,2.838,1.356,80.0,0.952,1,1.0,True,1.0,1,2.84;3.91;3.03;3.25;3.44;3.92,20.39,13.1,0.0,0
144,Gusto,CHE,DEF,5.0,2.837,2.292,83.3,0.99,1,1.0,True,1.0,1,2.84;3.70;2.78;3.05;3.21;3.82,19.4,18.4,2.9,0.3
562,Maeda,IPS,MID,5.5,2.834,2.169,59.5,0.708,1,2.0,False,2.0,0,2.83;2.51;2.58;2.80;2.59;2.74,16.05,18.5,1.9,0.2
567,Horníček,NEW,GKP,5.0,2.825,1.451,71.7,0.854,1,4.0,False,4.0,0,2.82;2.75;3.41;3.13;3.19;2.65,17.95,14.5,0.0,0
377,Munoz,LIV,MID,6.5,2.821,1.875,66.0,0.718,1,5.0,False,5.0,0,2.82;3.15;2.80;3.11;2.85;3.11,17.84,14.9,1.3,0.1
145,Fofana,CHE,DEF,5.0,2.812,1.924,76.8,0.887,1,0.0,True,0.0,0,2.81;3.68;2.85;3.08;3.24;3.75,19.41,19.2,1.2,0.1
558,Schlager,NFO,MID,5.0,2.807,1.797,60.2,0.628,1,2.5,False,2.5,0,2.81;2.64;2.68;2.57;3.03;2.56,16.29,13.5,1.1,0.1
522,Gray,TOT,MID,5.0,2.805,1.641,73.3,0.838,1,2.0,True,2.0,0,2.80;2.94;2.96;2.81;2.88;2.74,17.13,12.2,0.8,0.1
534,Hume,SUN,DEF,4.5,2.804,2.116,83.6,0.994,1,4.0,True,4.0,1,2.80;3.29;2.48;3.30;2.66;3.34,17.87,19.0,1.9,0.2
1,Raya,ARS,GKP,6.0,2.773,1.524,83.0,0.988,1,6.0,True,6.0,1,2.77;3.34;2.68;3.12;3.08;3.40,18.39,18.2,0.0,0
541,Meunier,SUN,DEF,4.5,2.766,1.958,78.6,0.936,1,3.5,False,3.5,0,2.77;3.17;2.45;3.21;2.64;3.26,17.5,16.5,1.3,0.1
545,Sadiki,SUN,MID,5.0,2.766,1.428,82.1,0.978,1,2.5,True,2.5,1,2.77;3.12;2.77;2.94;2.73;2.89,17.22,9.8,0.4,0.0
11,Mosquera,ARS,DEF,5.5,2.76,1.82,76.9,0.889,1,6.0,True,6.0,0,2.76;3.24;2.65;3.06;2.99;3.32,18.02,15.1,1.0,0.0
320,Akpom,IPS,FWD,5.0,2.734,2.083,40.5,0.321,1,3.0,False,3.0,0,2.73;2.42;2.45;2.64;2.55;2.58,15.37,23.1,2.9,0.2
498,Senesi,TOT,DEF,6.0,2.717,1.846,59.3,0.706,1,1.5,True,1.5,1,2.72;3.00;2.94;2.39;3.05;2.28,16.38,17.1,1.2,0.1
405,N.Gonzalez,NEW,MID,5.5,2.712,1.507,69.6,0.782,1,1.0,True,1.0,0,2.71;2.64;2.77;2.66;2.83;2.63,16.24,10.6,0.6,0.0
281,Drameh,HUL,DEF,4.0,2.697,1.873,60.7,0.636,1,1.0,False,1.0,0,2.70;2.08;2.28;2.75;2.47;2.48,14.76,21.1,1.1,0.1
551,Angulo,SUN,MID,5.0,2.683,1.795,67.6,0.763,1,4.0,True,4.0,0,2.68;3.22;2.73;2.91;2.64;2.82,17.0,13.5,1.0,0.1
173,Thomas,COV,DEF,4.0,2.666,1.82,81.2,0.967,1,5.5,False,5.5,0,2.67;3.44;3.43;3.48;3.60;3.75,20.37,13.4,1.0,0.1
536,Reinildo,SUN,DEF,4.5,2.628,1.745,82.9,0.982,1,3.5,True,3.5,1,2.63;2.92;2.27;3.06;2.50;3.13,16.51,15.7,0.9,0.0
148,Hato,CHE,DEF,4.5,2.625,1.953,82.5,0.977,1,2.5,True,2.5,0,2.62;3.59;2.68;2.93;3.10;3.66,18.58,15.5,1.5,0.1
142,James,CHE,DEF,5.5,2.588,2.091,70.1,0.782,1,0.5,True,0.5,1,2.59;3.25;2.52;2.74;2.86;3.35,17.31,13.1,2.0,0.2
64,Smith,BOU,DEF,4.5,2.575,1.77,82.6,0.978,1,1.0,True,1.0,0,2.57;2.85;2.89;2.28;3.54;2.40,16.53,16.6,0.8,0.0
176,Dasilva,COV,DEF,4.0,2.556,1.992,81.8,0.973,1,1.5,False,1.5,0,2.56;3.35;3.31;3.39;3.49;3.66,19.76,15.0,1.4,0.2
7,Lewis-Skelly,ARS,MID,5.5,2.533,1.574,66.5,0.726,1,3.0,True,3.0,0,2.53;2.54;2.47;2.54;2.48;2.59,15.15,10.9,0.7,0.0
327,Bijol,LEE,DEF,5.0,2.504,1.757,64.6,0.746,1,5.5,True,5.5,1,2.50;2.83;2.77;2.44;2.71;3.00,16.25,15.3,0.8,0.1
194,Thomas-Asante,COV,FWD,5.0,2.5,1.796,49.1,0.465,1,1.5,False,1.5,0,2.50;2.59;2.41;2.58;2.45;2.58,15.11,17.3,1.6,0.1
570,Palacios,FUL,MID,5.5,2.491,1.809,62.8,0.748,1,1.5,False,1.5,0,2.49;2.47;2.60;2.36;2.49;2.36,14.77,13.7,1.0,0.1
588,Khalaili,CRY,DEF,5.0,2.485,1.729,59.3,0.615,1,1.5,False,1.5,0,2.49;2.82;2.32;2.77;2.28;2.57,15.25,17.6,0.8,0.1
175,van Ewijk,COV,DEF,4.0,2.483,1.849,82.1,0.978,1,1.5,False,1.5,0,2.48;3.28;3.25;3.31;3.43;3.58,19.33,13.5,1.2,0.1
577,Tomiyasu,CRY,DEF,4.5,2.46,1.725,61.3,0.645,1,1.0,False,1.0,0,2.46;2.81;2.29;2.75;2.25;2.54,15.1,17.8,0.7,0.1
345,Tanaka,LEE,MID,4.9,2.459,1.567,56.2,0.578,1,0.5,True,0.5,0,2.46;2.57;2.51;2.66;2.60;2.51,15.31,10.2,0.7,0.0
460,Willock,NEW,MID,5.0,2.456,1.672,56.4,0.581,1,4.5,True,4.5,0,2.46;2.38;2.48;2.37;2.57;2.37,14.63,11.6,0.8,0.1
201,Muñoz,NFO,DEF,5.4,2.45,2.074,48.8,0.581,1,0.0,True,0.0,1,2.45;2.04;2.35;1.85;2.24;2.11,13.04,17.9,1.8,0.1
153,Disasi,CRY,DEF,4.5,2.448,1.925,64.2,0.742,1,0.5,True,0.5,1,2.45;2.84;2.25;2.78;2.21;2.54,15.07,14.5,1.0,0.1
110,Rushworth,COV,GKP,4.5,2.436,1.264,78.9,0.94,1,1.5,True,1.5,0,2.44;3.16;3.21;3.20;3.36;3.46,18.83,10.9,0.0,0
586,Mendy,HUL,DEF,4.0,2.429,1.972,53.4,0.636,1,8.0,False,8.0,0,2.43;1.84;2.03;2.48;2.20;2.22,13.2,16.2,1.2,0.1
269,Sessegnon,FUL,DEF,4.5,2.382,1.822,51.5,0.553,1,1.0,True,1.0,1,2.38;2.19;2.37;2.41;2.64;2.41,14.4,15.3,1.0,0.1
242,George,EVE,MID,5.5,2.368,1.824,48.7,0.499,1,2.5,True,2.5,0,2.37;2.24;2.24;2.13;2.29;2.46,13.73,13.3,1.1,0.1
149,Colwill,CHE,DEF,5.0,2.36,1.826,72.1,0.852,1,0.5,True,0.5,0,2.36;3.19;2.41;2.62;2.77;3.25,16.6,12.5,1.0,0.1
597,Suzuki,AVL,GKP,5.0,2.341,1.381,55.8,0.665,1,1.0,False,1.0,0,2.34;2.46;2.35;2.19;2.01;1.94,13.29,11.1,0.0,0
287,Millar,HUL,MID,5.0,2.331,1.84,42.6,0.353,1,3.0,False,3.0,0,2.33;2.17;2.21;2.30;2.23;2.27,13.51,12.6,1.1,0.1
420,Yoro,MUN,DEF,4.9,2.298,1.695,53.6,0.547,1,0.5,True,0.5,0,2.30;2.12;2.28;2.63;2.13;2.21,13.67,15.3,0.6,0.1
463,Woltemade,NEW,FWD,5.9,2.27,1.749,46.5,0.488,1,2.0,True,2.0,1,2.27;2.18;2.21;2.11;2.36;2.19,13.32,13.8,1.3,0.1
209,Johnson,EVE,MID,5.9,2.263,1.658,50.2,0.492,1,1.0,True,1.0,0,2.26;2.17;2.18;2.08;2.20;2.33,13.22,10.8,0.8,0.0
51,George Hemmings,AVL,MID,4.5,2.251,1.48,59.1,0.687,1,2.0,True,2.0,0,2.25;2.42;2.35;2.37;2.30;2.40,14.09,9.2,0.5,0.0
371,Gravenberch,LIV,MID,6.0,2.242,1.283,61.6,0.712,1,3.0,True,3.0,1,2.24;2.40;2.19;2.34;2.22;2.36,13.75,7.1,0.3,0.0
71,Cook,BOU,MID,5.0,2.236,1.316,59.1,0.646,1,3.0,True,3.0,0,2.24;2.29;2.36;2.20;2.40;2.25,13.74,7.5,0.3,0.0
182,Amenda,COV,DEF,4.0,2.225,1.779,77.5,0.923,1,1.0,False,1.0,0,2.22;2.97;2.95;3.00;3.11;3.26,17.51,12.4,0.9,0.1
628,Allan,MCI,MID,6.0,2.193,1.616,50.2,0.55,1,2.2,False,2.0,0,2.19;2.17;2.32;2.20;2.19;2.16,13.23,10.5,0.6,0.1
316,Emersonn,IPS,FWD,5.5,2.188,1.991,40.6,0.483,1,3.8,False,5.0,0,2.19;1.90;1.92;2.11;2.02;2.04,12.18,12.5,1.5,0.1
347,Nmecha,LEE,FWD,5.5,2.158,1.804,33.4,0.267,1,2.0,True,2.0,0,2.16;2.27;2.19;2.50;2.34;2.13,13.59,14.7,1.4,0.1
598,Elvedi,LEE,DEF,4.5,2.108,1.588,56.5,0.571,1,0.5,False,0.5,0,2.11;2.37;2.32;2.07;2.28;2.49,13.64,7.7,0.5,0.0
452,Bruno G.,ARS,MID,6.9,2.0,1.772,42.1,0.48,1,0.5,True,0.5,1,2.00;1.96;1.93;1.98;1.91;2.03,11.81,12.2,0.8,0.1
575,Yirenkyi,COV,MID,5.0,1.996,1.614,53.4,0.636,1,2.0,False,2.0,0,2.00;2.13;2.01;2.13;2.06;2.16,12.49,10.9,0.6,0.0
31,Konsa,ARS,DEF,4.4,1.992,1.652,57.7,0.677,1,0.5,True,0.5,1,1.99;2.35;1.91;2.21;2.16;2.40,13.02,12.4,0.5,0.0
151,Acheampong,CHE,DEF,4.5,1.959,1.73,54.3,0.585,1,2.0,True,2.0,0,1.96;2.49;1.95;2.11;2.21;2.55,13.27,8.6,0.7,0.1
429,Rashford,MUN,MID,7.0,1.953,1.58,47.0,0.55,1,1.5,True,1.5,0,1.95;2.07;1.98;2.12;1.90;1.98,12.0,9.9,0.5,0.0
611,Wan-Bissaka,AVL,DEF,4.5,1.921,1.454,50.7,0.581,1,1.7,True,1.0,1,1.92;2.06;1.95;1.82;1.66;1.62,11.03,11.4,0.3,0.0
167,Delap,NFO,FWD,5.5,1.906,1.647,35.1,0.316,1,0.5,True,0.5,0,1.91;1.81;1.78;1.77;2.21;1.71,11.19,11.8,0.9,0.1
241,McNeil,CRY,MID,5.5,1.889,1.431,43.2,0.459,1,1.5,True,1.5,0,1.89;1.91;1.82;1.96;1.87;1.96,11.41,8.0,0.4,0.0
369,Ngumoha,LIV,MID,5.9,1.881,1.448,38.6,0.369,1,1.5,True,1.5,0,1.88;2.08;1.88;2.07;1.91;2.07,11.89,7.9,0.4,0.0
439,Šeško,MUN,FWD,7.0,1.874,1.619,33.7,0.308,1,1.0,True,1.0,0,1.87;2.06;1.92;2.01;1.85;1.93,11.64,10.9,0.8,0.0
262,Smith Rowe,FUL,MID,5.5,1.862,1.545,36.6,0.339,1,0.5,True,0.5,1,1.86;1.86;1.94;1.76;1.84;1.76,11.02,8.8,0.5,0.0
280,Coyle,HUL,DEF,4.0,1.862,1.654,47.6,0.566,1,2.2,False,3.0,0,1.86;1.36;1.52;1.91;1.68;1.68,10.01,11.7,0.6,0.0
102,Yarmoliuk,BRE,MID,5.0,1.852,1.201,47.0,0.5,1,1.0,True,1.0,1,1.85;1.68;1.77;1.75;1.83;1.72,10.6,5.7,0.2,0.0
56,Abraham,AVL,FWD,5.5,1.833,1.47,31.0,0.218,1,0.5,True,0.5,0,1.83;2.01;1.95;2.00;1.95;2.09,11.83,10.4,0.6,0.0
605,Yalcouyé,BHA,MID,4.5,1.83,1.729,38.3,0.447,1,4.5,True,4.5,0,1.83;1.70;2.18;1.81;1.83;1.83,11.18,11.3,0.7,0.1
422,Mazraoui,MUN,DEF,4.5,1.778,1.486,44.8,0.472,1,1.0,True,1.0,0,1.78;1.62;1.76;2.05;1.64;1.70,10.55,10.5,0.4,0.0
166,N.Jackson,AVL,FWD,6.5,1.716,1.529,41.4,0.493,1,1.0,True,1.0,0,1.72;1.91;1.84;1.90;1.85;2.00,11.22,7.7,0.6,0.0
328,Struijk,BHA,DEF,5.0,1.699,1.66,40.3,0.474,1,0.0,True,0.0,1,1.70;1.69;1.70;1.78;1.65;1.50,10.02,9.5,0.6,0.0
527,Richarlison,TOT,FWD,5.9,1.693,1.518,33.9,0.334,1,1.0,True,1.0,1,1.69;1.78;1.82;1.78;1.70;1.71,10.48,8.7,0.6,0.0
585,Herrington,HUL,DEF,4.0,1.684,1.206,33.7,0.215,1,1.0,False,1.0,0,1.68;1.45;1.53;1.70;1.59;1.60,9.55,7.6,0.2,0.0
506,Udogie,TOT,DEF,4.5,1.66,1.386,43.2,0.46,1,1.0,True,1.0,0,1.66;1.83;1.79;1.43;1.88;1.37,9.96,9.4,0.3,0.0
619,Palacios,IPS,MID,5.0,1.617,1.233,24.7,0.074,1,1.5,False,1.0,0,1.62;1.52;1.53;1.59;1.55;1.57,9.38,4.9,0.3,0.0
42,Guessand,CRY,MID,5.5,1.597,1.308,33.3,0.308,1,1.0,True,1.0,0,1.60;1.60;1.55;1.65;1.58;1.65,9.63,6.2,0.3,0.0
188,Torp,COV,MID,5.5,1.595,1.17,25.9,0.093,1,1.0,False,1.0,0,1.59;1.64;1.57;1.64;1.59;1.64,9.67,4.4,0.2,0.0
576,Stroud,HUL,MID,5.0,1.582,1.433,40.1,0.478,1,1.5,False,1.5,0,1.58;1.45;1.48;1.57;1.50;1.53,9.11,7.9,0.3,0.0
155,Enzo,CHE,MID,6.9,1.558,1.822,25.8,0.292,1,0.5,True,0.5,1,1.56;1.35;1.30;1.36;1.32;1.46,8.35,11.8,0.8,0.1
580,Charles,FUL,MID,5.0,1.553,1.152,24.0,0.063,1,1.0,False,1.0,0,1.55;1.56;1.60;1.49;1.53;1.49,9.22,4.3,0.2,0.0
185,Sakamoto,COV,MID,5.0,1.537,1.29,30.9,0.248,1,0.5,False,0.5,0,1.54;1.61;1.53;1.60;1.55;1.62,9.45,5.9,0.3,0.0
323,McAteer,IPS,MID,4.5,1.536,1.168,22.4,0.038,1,1.0,False,1.0,0,1.54;1.45;1.46;1.51;1.48;1.49,8.93,4.3,0.2,0.0
600,Osman,BHA,MID,5.0,1.511,1.105,23.1,0.048,1,1.0,False,1.0,0,1.51;1.45;1.67;1.50;1.51;1.52,9.16,3.9,0.2,0.0
457,J.Murphy,NEW,MID,5.9,1.502,1.327,29.3,0.25,1,0.5,True,0.5,0,1.50;1.45;1.50;1.44;1.57;1.45,8.91,6.2,0.3,0.0
584,Hamer,COV,MID,5.5,1.498,1.1,22.9,0.045,1,1.0,False,1.0,0,1.50;1.53;1.47;1.53;1.49;1.53,9.05,3.8,0.2,0.0
25,Gyökeres,ARS,FWD,7.4,1.485,1.55,25.1,0.241,1,0.0,True,0.0,1,1.48;1.41;1.43;1.44;1.38;1.46,8.6,7.2,0.5,0.0
617,Cho,HUL,MID,5.0,1.484,1.113,21.4,0.022,1,1.5,False,1.0,0,1.48;1.44;1.45;1.47;1.45;1.47,8.76,3.9,0.2,0.0
553,Isidor,SUN,FWD,5.5,1.472,1.327,22.6,0.128,1,4.5,True,4.5,0,1.47;1.81;1.53;1.59;1.45;1.53,9.38,7.4,0.4,0.0
616,Bouaddi,MCI,MID,5.5,1.467,1.059,21.9,0.03,1,2.0,False,1.0,0,1.47;1.50;1.52;1.50;1.47;1.48,8.94,3.5,0.2,0.0
248,Beto,EVE,FWD,5.4,1.464,1.421,20.4,0.108,1,1.0,True,1.0,0,1.46;1.36;1.34;1.29;1.41;1.55,8.41,8.0,0.5,0.0
415,Dorgu,MUN,MID,5.9,1.44,1.353,31.0,0.296,1,0.5,True,0.5,0,1.44;1.53;1.46;1.55;1.41;1.46,8.85,6.7,0.3,0.0
232,O'Brien,EVE,DEF,4.9,1.427,1.464,39.0,0.453,1,0.0,True,0.0,1,1.43;1.54;1.67;1.51;1.37;1.27,8.79,7.5,0.3,0.0
74,Brooks,BOU,MID,5.0,1.422,1.512,22.4,0.153,1,0.5,True,0.5,0,1.42;1.47;1.56;1.40;1.51;1.46,8.82,7.8,0.5,0.0
589,Gourna-Douath,HUL,MID,5.0,1.419,1.223,26.8,0.2,1,0.5,False,0.5,0,1.42;1.34;1.36;1.41;1.37;1.39,8.29,5.2,0.2,0.0
519,Gallagher,TOT,MID,5.4,1.401,1.206,36.7,0.414,1,0.0,True,0.0,1,1.40;1.47;1.48;1.41;1.44;1.37,8.57,5.5,0.2,0.0
17,Merino,ARS,MID,5.9,1.392,1.409,24.3,0.201,1,1.0,True,1.0,0,1.39;1.36;1.35;1.37;1.33;1.40,8.2,7.0,0.3,0.0
592,Ouattara,IPS,DEF,4.0,1.392,0.977,25.8,0.09,1,1.0,False,1.0,0,1.39;1.31;1.36;1.42;1.27;1.42,8.17,3.6,0.1,0.0
108,Wilson,BRE,FWD,5.5,1.391,1.347,18.6,0.081,1,1.0,True,1.0,0,1.39;1.29;1.39;1.33;1.44;1.26,8.1,7.1,0.4,0.0
119,Costinha,BHA,DEF,4.5,1.385,1.033,26.3,0.099,1,0.5,False,0.5,0,1.39;1.37;1.43;1.40;1.37;1.33,8.29,4.2,0.1,0.0
247,Hackney,EVE,MID,5.5,1.385,1.203,26.3,0.193,1,2.0,False,2.0,0,1.38;1.33;1.33;1.28;1.35;1.42,8.09,5.0,0.2,0.0
583,Chavarria,CHE,DEF,5.0,1.352,0.999,26.3,0.098,1,1.0,False,1.0,0,1.35;1.44;1.32;1.36;1.38;1.47,8.32,3.3,0.1,0.0
186,Mason-Clark,COV,MID,5.5,1.352,1.337,34.4,0.409,1,0.5,False,0.5,0,1.35;1.44;1.36;1.44;1.39;1.46,8.44,6.8,0.2,0.0
512,Kudus,TOT,MID,6.5,1.351,1.252,33.5,0.389,1,0.5,True,0.5,0,1.35;1.43;1.44;1.37;1.39;1.32,8.3,5.8,0.2,0.0
389,Matheus N.,MCI,DEF,6.0,1.349,1.24,30.9,0.353,1,0.4,True,0.5,1,1.35;1.03;1.41;1.07;1.35;1.16,7.37,5.8,0.2,0.0
140,Sánchez,CHE,GKP,4.9,1.345,0.991,42.9,0.511,1,1.0,True,1.0,1,1.34;1.88;1.44;1.55;1.65;1.89,9.75,3.7,0.0,0
162,Andrey Santos,MUN,MID,5.0,1.343,1.161,29.2,0.257,1,1.5,True,1.5,0,1.34;1.41;1.36;1.43;1.32;1.36,8.22,4.8,0.2,0.0
19,Zubimendi,ARS,MID,5.4,1.335,1.144,32.7,0.347,1,1.0,True,1.0,1,1.34;1.33;1.30;1.33;1.31;1.36,7.97,4.8,0.1,0.0
620,Diouf,BRE,DEF,4.5,1.325,1.283,28.8,0.331,1,1.7,True,0.0,1,1.32;0.95;1.05;1.09;1.14;1.15,6.7,5.8,0.2,0.0
160,Garnacho,AVL,MID,5.9,1.316,1.265,25.2,0.223,1,1.0,True,1.0,0,1.32;1.44;1.39;1.42;1.38;1.46,8.41,5.5,0.2,0.0
579,Araujo,LIV,DEF,5.5,1.295,0.839,24.8,0.075,1,0.5,False,0.5,0,1.29;1.35;1.22;1.27;1.24;1.31,7.68,3.0,0.0,0.0
622,Braithwaite,MCI,DEF,4.0,1.293,0.791,22.3,0.037,1,1.0,False,1.0,0,1.29;1.23;1.32;1.24;1.29;1.26,7.63,2.2,0.0,0.0
73,Adams,BOU,MID,5.0,1.275,1.003,36.8,0.396,1,1.0,True,1.0,0,1.28;1.31;1.35;1.25;1.37;1.28,7.84,3.7,0.1,0.0
136,Welbeck,CHE,FWD,5.9,1.254,1.477,18.8,0.16,1,0.0,True,0.0,1,1.25;1.06;1.05;1.09;1.05;1.14,6.64,5.8,0.4,0.0
535,Alderete,SUN,DEF,5.0,1.253,1.302,36.3,0.417,1,0.5,True,0.5,1,1.25;1.42;1.12;1.44;1.20;1.46,7.89,5.6,0.2,0.0
263,Kevin,FUL,MID,5.5,1.232,1.05,22.5,0.141,1,1.0,True,1.0,0,1.23;1.23;1.27;1.18;1.22;1.18,7.31,3.6,0.1,0.0
329,Rodon,LEE,DEF,4.5,1.23,1.271,35.5,0.417,1,1.8,True,3.5,1,1.23;1.40;1.37;1.19;1.33;1.48,8.0,5.1,0.2,0.0
478,Netz,NFO,DEF,4.5,1.206,1.048,23.6,0.18,1,1.0,True,1.0,0,1.21;1.08;1.18;1.03;1.12;1.11,6.73,4.6,0.1,0.0
125,Georginio,BHA,FWD,5.5,1.181,1.163,25.3,0.249,1,1.9,True,2.5,1,1.18;1.10;1.39;1.16;1.19;1.20,7.22,3.9,0.1,0.0
462,Steur,NEW,MID,5.0,1.164,1.03,21.9,0.142,1,1.0,False,1.0,0,1.16;1.13;1.16;1.12;1.20;1.13,6.9,3.6,0.1,0.0
497,Dubravka,TOT,GKP,4.0,1.16,0.963,28.8,0.342,1,0.0,True,0.0,1,1.16;1.26;1.23;0.99;1.31;0.96,6.91,2.7,0.0,0
331,Gudmundsson,LEE,DEF,4.5,1.14,1.285,32.8,0.385,1,0.0,True,0.0,1,1.14;1.30;1.27;1.13;1.25;1.37,7.46,5.2,0.2,0.0
91,Pinnock,COV,DEF,4.5,1.136,1.279,41.9,0.489,1,0.5,True,0.5,0,1.14;1.51;1.50;1.52;1.58;1.65,8.9,4.3,0.2,0.0
343,James,LEE,MID,5.0,1.1,1.108,20.9,0.164,1,0.5,True,0.5,0,1.10;1.15;1.12;1.21;1.16;1.11,6.85,4.2,0.1,0.0
482,Hudson-Odoi,NFO,MID,5.9,1.076,1.098,20.4,0.181,1,0.5,True,0.5,0,1.08;1.02;1.03;0.99;1.17;0.99,6.28,4.0,0.1,0.0
18,Martinelli,ARS,MID,6.4,1.074,1.203,16.5,0.087,1,0.0,True,0.0,0,1.07;1.04;1.04;1.06;1.03;1.07,6.31,5.0,0.2,0.0
29,M.Bizot,AVL,GKP,4.5,1.067,0.947,26.8,0.313,1,0.5,True,0.5,0,1.07;1.12;1.07;1.00;0.93;0.90,6.09,2.6,0.0,0
470,Morato,NFO,DEF,5.0,1.061,1.211,22.2,0.224,1,0.0,True,0.0,0,1.06;0.92;1.03;0.85;0.96;0.95,5.77,4.7,0.2,0.0
89,Henry,BRE,DEF,4.5,1.041,0.967,21.1,0.179,1,0.5,True,0.5,0,1.04;0.83;0.89;0.91;0.94;0.95,5.56,3.6,0.1,0.0
231,Keane,EVE,DEF,4.9,1.04,1.254,24.9,0.273,1,0.0,True,0.0,1,1.04;1.10;1.17;1.07;1.00;0.96,6.34,4.4,0.2,0.0
271,Muniz,FUL,FWD,5.5,1.038,1.137,19.6,0.161,1,0.5,True,0.5,0,1.04;1.05;1.09;0.96;1.00;0.96,6.1,3.7,0.1,0.0
97,Jensen,BRE,MID,5.5,1.025,1.076,20.2,0.197,1,2.2,True,3.0,1,1.03;0.92;0.99;0.96;1.03;0.93,5.86,3.6,0.1,0.0
526,Solanke,TOT,FWD,5.9,1.017,1.121,21.1,0.209,1,1.0,True,1.0,0,1.02;1.07;1.08;1.06;1.02;1.03,6.28,3.1,0.1,0.0
395,Lewis,MCI,DEF,4.5,1.0,1.143,20.1,0.199,1,0.5,True,0.5,0,1.00;0.84;1.05;0.86;1.00;0.90,5.65,3.9,0.1,0.0
308,Furlong,IPS,DEF,4.0,0.993,0.925,19.6,0.115,1,0.5,False,0.5,0,0.99;0.92;0.97;1.02;0.89;1.03,5.82,2.9,0.1,0.0
90,Hickey,BRE,DEF,4.5,0.988,0.955,18.6,0.127,1,1.0,True,1.0,0,0.99;0.83;0.88;0.89;0.92;0.91,5.42,3.4,0.1,0.0
207,Mingueza,CRY,DEF,4.5,0.984,0.884,20.0,0.119,1,0.5,False,0.5,0,0.98;1.04;0.95;1.04;0.95;1.01,5.97,2.7,0.0,0.0
456,J.Ramsey,NEW,MID,5.0,0.942,0.902,19.9,0.142,1,0.5,True,0.5,0,0.94;0.92;0.95;0.91;0.97;0.92,5.61,2.6,0.1,0.0
442,Pope,NEW,GKP,5.0,0.939,0.923,25.2,0.299,1,0.0,True,0.0,1,0.94;0.92;1.12;1.03;1.05;0.89,5.95,1.9,0.1,0.0
159,Caicedo,CHE,MID,5.4,0.937,1.028,26.5,0.304,1,0.4,True,0.5,1,0.94;0.91;0.86;0.88;0.88;0.94,5.41,3.7,0.1,0.0
81,Rodríguez,BOU,FWD,6.0,0.936,0.978,13.3,0.039,1,0.5,False,0.5,0,0.94;0.95;1.00;0.93;0.97;0.95,5.74,3.0,0.1,0.0
129,Ayari,BHA,MID,5.5,0.935,0.998,21.2,0.213,1,0.8,True,1.0,1,0.94;0.89;1.05;0.93;0.93;0.93,5.67,3.5,0.1,0.0
440,Zirkzee,MUN,FWD,5.4,0.931,1.003,14.4,0.062,1,0.0,True,0.0,0,0.93;1.00;0.95;0.98;0.92;0.95,5.73,3.1,0.1,0.0
104,Onyeka,COV,MID,5.0,0.925,1.016,21.5,0.221,1,1.0,True,1.0,0,0.93;0.98;0.93;0.97;0.94;0.99,5.74,3.5,0.1,0.0
321,Walle Egeli,IPS,FWD,4.5,0.913,1.008,11.6,0.019,1,0.5,False,0.5,0,0.91;0.84;0.85;0.89;0.87;0.88,5.24,3.0,0.1,0.0
313,Clarke,IPS,MID,5.5,0.912,0.963,13.8,0.046,1,3.5,False,3.5,0,0.91;0.85;0.86;0.90;0.87;0.89,5.28,3.0,0.1,0.0
62,Diakité,BOU,DEF,5.0,0.901,0.974,25.6,0.288,1,0.0,True,0.0,0,0.90;0.97;0.99;0.83;1.15;0.86,5.7,2.7,0.0,0.0
549,Talbi,SUN,MID,5.4,0.89,0.868,17.9,0.134,1,0.5,True,0.5,0,0.89;1.02;0.91;0.94;0.88;0.92,5.56,2.6,0.0,0.0
594,David,BHA,FWD,6.0,0.881,0.941,11.9,0.023,1,0.5,False,0.5,0,0.88;0.83;1.01;0.87;0.88;0.89,5.36,2.7,0.1,0.0
595,Gozo,CRY,MID,5.0,0.879,0.861,14.4,0.053,1,0.5,False,0.5,0,0.88;0.87;0.86;0.90;0.88;0.90,5.29,2.4,0.0,0.0
243,Alcaraz,EVE,MID,5.0,0.873,0.99,15.5,0.085,1,0.5,True,0.5,0,0.87;0.83;0.83;0.80;0.85;0.90,5.08,3.3,0.1,0.0
557,Tzolis,ARS,MID,6.5,0.872,1.126,21.6,0.257,1,3.0,False,3.0,0,0.87;0.86;0.84;0.87;0.84;0.89,5.17,4.5,0.1,0.0
543,Diarra,SUN,MID,5.5,0.871,1.059,20.0,0.203,1,1.9,True,2.5,0,0.87;1.06;0.89;0.94;0.86;0.92,5.54,4.0,0.1,0.0
501,Danso,TOT,DEF,5.0,0.867,1.005,22.2,0.224,1,0.0,True,0.0,0,0.87;0.94;0.93;0.77;0.96;0.74,5.21,3.1,0.1,0.0
539,O'Nien,SUN,DEF,4.0,0.864,1.015,25.8,0.267,1,0.5,True,0.5,0,0.86;0.96;0.78;0.98;0.83;0.99,5.4,3.2,0.1,0.0
568,Barco,CHE,MID,5.5,0.862,0.947,12.3,0.028,1,0.5,False,0.5,0,0.86;0.79;0.79;0.80;0.79;0.82,4.85,2.8,0.1,0.0
157,Estêvão,CHE,MID,6.4,0.861,1.174,13.1,0.089,1,0.5,True,0.5,0,0.86;0.77;0.75;0.77;0.76;0.81,4.72,4.5,0.1,0.0
9,Hincapie,ARS,DEF,5.4,0.859,0.963,21.4,0.213,1,0.5,True,0.5,1,0.86;0.96;0.83;0.92;0.90;0.98,5.45,2.6,0.1,0.0
52,Alysson,AVL,MID,5.0,0.852,0.893,18.4,0.149,1,0.5,True,0.5,0,0.85;0.91;0.89;0.90;0.88;0.92,5.35,2.6,0.0,0.0
75,Christie,BOU,MID,5.0,0.847,0.897,15.3,0.074,1,0.5,True,0.5,0,0.85;0.86;0.90;0.84;0.88;0.86,5.19,2.7,0.1,0.0
240,Iroegbunam,EVE,MID,5.0,0.839,0.83,19.3,0.151,1,0.5,True,0.5,0,0.84;0.82;0.82;0.79;0.82;0.85,4.94,2.3,0.0,0.0
608,Jebbison,BOU,FWD,5.0,0.838,0.902,11.0,0.012,1,0.5,False,0.5,0,0.84;0.85;0.89;0.83;0.87;0.85,5.13,2.4,0.1,0.0
364,Tsimikas,LIV,DEF,5.0,0.837,1.047,20.2,0.23,1,0.5,True,0.5,0,0.84;0.89;0.71;0.76;0.73;0.83,4.76,2.7,0.1,0.0
421,Heaven,MUN,DEF,4.5,0.828,0.988,20.3,0.207,1,0.5,True,0.5,0,0.83;0.77;0.82;0.94;0.77;0.80,4.93,2.8,0.1,0.0
33,Mings,AVL,DEF,4.5,0.827,1.03,18.6,0.2,1,0.5,True,0.5,0,0.83;0.89;0.85;0.81;0.76;0.76,4.9,2.7,0.1,0.0
164,Quenda,CHE,MID,5.4,0.827,0.908,11.7,0.02,1,0.5,False,0.5,0,0.83;0.76;0.76;0.77;0.76;0.79,4.67,2.6,0.1,0.0
213,Lerma,CRY,MID,5.0,0.818,0.873,18.3,0.142,1,0.0,True,0.0,0,0.82;0.82;0.80;0.84;0.81;0.84,4.93,2.5,0.0,0.0
489,Yates,NFO,MID,4.5,0.818,0.811,13.8,0.049,1,0.0,True,0.0,0,0.82;0.79;0.79;0.78;0.88;0.77,4.83,2.1,0.0,0.0
16,Madueke,ARS,MID,6.4,0.816,0.899,15.0,0.111,1,0.5,True,0.5,0,0.82;0.80;0.80;0.81;0.79;0.82,4.84,2.4,0.0,0.0
35,Bogarde,AVL,MID,5.0,0.815,0.634,17.4,0.099,1,0.5,True,0.5,0,0.81;0.85;0.83;0.84;0.83;0.85,5.01,1.3,0.0,0.0
285,McNair,HUL,DEF,4.0,0.812,0.736,14.7,0.056,1,0.5,False,0.5,0,0.81;0.75;0.77;0.81;0.79;0.79,4.72,1.7,0.0,0.0
392,Aït-Nouri,MCI,DEF,5.4,0.804,0.994,16.2,0.164,1,0.0,True,0.0,0,0.80;0.68;0.84;0.69;0.80;0.73,4.54,2.5,0.1,0.0
520,Bergvall,TOT,MID,5.5,0.788,0.824,16.4,0.126,1,0.5,True,0.5,0,0.79;0.82;0.82;0.80;0.80;0.78,4.81,2.3,0.0,0.0
461,Touré,NEW,MID,5.9,0.783,0.798,11.9,0.023,1,0.5,False,0.5,0,0.78;0.77;0.78;0.76;0.80;0.77,4.66,2.0,0.0,0.0
135,Yohanna,BHA,MID,5.0,0.782,0.797,11.8,0.022,1,0.5,False,0.5,0,0.78;0.75;0.86;0.78;0.78;0.79,4.74,2.0,0.0,0.0
487,Dominguez,NFO,MID,5.0,0.777,0.873,15.2,0.113,1,0.5,True,0.5,0,0.78;0.74;0.75;0.73;0.84;0.72,4.56,2.5,0.0,0.0
406,Kovačić,MCI,MID,5.5,0.767,0.88,15.8,0.14,1,1.0,True,1.0,0,0.77;0.77;0.80;0.77;0.77;0.76,4.64,2.5,0.0,0.0
212,Hughes,CRY,MID,4.5,0.766,0.804,16.6,0.129,1,0.0,True,0.0,0,0.77;0.77;0.75;0.79;0.76;0.79,4.63,2.0,0.0,0.0
559,Bamba,NEW,MID,5.0,0.753,0.765,11.2,0.015,1,0.5,False,0.5,0,0.75;0.74;0.74;0.73;0.77;0.74,4.47,1.8,0.0,0.0
215,Devenny,CRY,MID,5.0,0.749,0.895,12.4,0.067,1,0.0,True,0.0,0,0.75;0.74;0.73;0.77;0.75;0.77,4.51,2.8,0.0,0.0
341,Gnonto,LEE,MID,5.0,0.746,0.761,12.5,0.04,1,0.0,True,0.0,0,0.75;0.77;0.75;0.80;0.78;0.75,4.6,1.8,0.0,0.0
256,Tete,FUL,DEF,4.5,0.741,1.0,17.8,0.206,1,0.0,True,0.0,0,0.74;0.68;0.73;0.76;0.83;0.76,4.5,2.2,0.1,0.0
596,Ruggeri,AVL,DEF,4.5,0.74,0.625,13.5,0.042,1,0.5,False,0.5,0,0.74;0.77;0.75;0.74;0.73;0.73,4.46,1.2,0.0,0.0
147,Tosin,CHE,DEF,4.5,0.74,0.894,19.1,0.181,1,0.0,True,0.0,0,0.74;0.88;0.74;0.78;0.81;0.90,4.85,2.1,0.0,0.0
381,Koumas,LIV,MID,5.0,0.736,0.713,11.4,0.016,1,0.5,False,0.5,0,0.74;0.78;0.74;0.79;0.75;0.78,4.58,1.6,0.0,0.0
76,Tóth.A,BOU,MID,5.0,0.734,0.772,11.8,0.034,1,0.5,True,0.5,0,0.73;0.75;0.77;0.73;0.76;0.74,4.48,1.8,0.0,0.0
518,P.M.Sarr,TOT,MID,4.9,0.733,0.775,14.5,0.098,1,0.0,True,0.0,0,0.73;0.76;0.76;0.74;0.74;0.73,4.46,2.0,0.0,0.0
571,Florentino,IPS,MID,5.0,0.719,0.759,19.2,0.2,1,0.0,True,0.0,1,0.72;0.67;0.69;0.72;0.68;0.72,4.2,1.9,0.0,0.0
446,Schär,NEW,DEF,5.0,0.718,0.93,16.0,0.152,1,0.5,True,0.5,0,0.72;0.70;0.80;0.75;0.78;0.68,4.43,2.2,0.1,0.0
339,Longstaff,LEE,MID,5.0,0.717,0.792,12.5,0.065,1,0.5,True,0.5,0,0.72;0.74;0.73;0.77;0.75;0.72,4.43,1.9,0.0,0.0
123,Hinshelwood,BHA,MID,6.0,0.697,1.082,12.7,0.131,1,4.0,True,8.0,0,0.70;0.65;0.83;0.69;0.70;0.70,4.27,4.1,0.1,0.0
523,Moore,TOT,MID,5.0,0.692,0.966,15.9,0.18,1,1.5,True,1.5,0,0.69;0.73;0.74;0.70;0.71;0.68,4.25,3.2,0.1,0.0
548,Rigg,SUN,MID,5.0,0.676,0.775,13.7,0.104,1,1.0,True,1.0,0,0.68;0.78;0.69;0.72;0.67;0.70,4.24,1.9,0.0,0.0
629,Zetterer,LEE,GKP,4.0,0.674,0.579,16.6,0.15,1,1.0,False,2.0,0,0.67;0.72;0.72;0.64;0.70;0.76,4.21,0.9,0.0,0
255,J.Cuenca,FUL,DEF,4.5,0.663,0.867,17.4,0.184,1,1.5,True,1.5,0,0.66;0.61;0.65;0.68;0.74;0.68,4.02,1.8,0.0,0.0
158,Gittens,CHE,MID,5.9,0.661,0.889,10.7,0.064,1,0.0,True,0.0,0,0.66;0.61;0.60;0.61;0.60;0.63,3.71,2.5,0.0,0.0
205,Sosa,CRY,DEF,4.5,0.621,0.821,14.2,0.129,1,0.0,True,0.0,0,0.62;0.68;0.59;0.67;0.59;0.64,3.79,1.7,0.0,0.0
403,Sávio,TOT,MID,6.5,0.615,0.807,9.7,0.043,1,0.0,True,0.0,0,0.61;0.64;0.65;0.63;0.62;0.62,3.77,2.1,0.0,0.0
547,Mundle,SUN,MID,5.0,0.613,0.76,10.1,0.041,1,0.5,True,0.5,0,0.61;0.71;0.63;0.65;0.61;0.63,3.84,1.9,0.0,0.0
375,Nyoni,LIV,MID,5.0,0.588,0.78,11.9,0.097,1,0.5,True,0.5,0,0.59;0.64;0.59;0.64;0.60;0.64,3.7,2.0,0.0,0.0
238,Grealish,MCI,MID,6.5,0.587,0.81,13.3,0.137,1,0.5,True,0.5,0,0.59;0.58;0.62;0.59;0.59;0.58,3.55,2.0,0.0,0.0
351,Mamardashvili,LIV,GKP,5.0,0.564,0.665,13.0,0.154,1,0.0,True,0.0,0,0.56;0.58;0.48;0.49;0.49;0.54,3.14,0.6,0.0,0
44,Bailey,AVL,MID,5.5,0.553,0.689,10.3,0.065,1,0.0,True,0.0,0,0.55;0.59;0.58;0.58;0.57;0.60,3.47,1.4,0.0,0.0
27,G.Jesus,ARS,FWD,5.9,0.54,0.819,7.4,0.024,1,0.0,True,0.0,0,0.54;0.52;0.52;0.53;0.51;0.53,3.15,1.2,0.0,0.0
563,Morita,HUL,MID,5.0,0.535,0.847,12.7,0.151,1,0.5,False,0.5,0,0.54;0.49;0.50;0.53;0.51;0.52,3.09,2.4,0.0,0.0
101,Henderson,CHE,MID,5.0,0.533,0.67,11.6,0.095,1,0.0,True,0.0,1,0.53;0.51;0.50;0.51;0.50;0.53,3.08,1.2,0.0,0.0
117,Coppola,BHA,DEF,4.5,0.532,0.806,13.0,0.138,1,0.0,True,0.0,0,0.53;0.53;0.53;0.55;0.52;0.48,3.14,1.4,0.0,0.0
325,Darlow,MUN,GKP,4.5,0.528,0.667,13.8,0.165,1,0.0,True,0.0,1,0.53;0.47;0.52;0.60;0.49;0.50,3.11,0.6,0.0,0
493,Kalimuendo,NFO,FWD,5.5,0.523,0.766,7.1,0.022,1,0.5,True,0.5,0,0.52;0.50;0.50;0.49;0.59;0.48,3.08,1.0,0.0,0.0
303,Kipré,IPS,DEF,4.0,0.513,0.868,12.5,0.149,1,0.0,False,0.0,0,0.51;0.46;0.50;0.55;0.42;0.55,2.99,1.4,0.0,0.0
245,Dibling,EVE,MID,5.4,0.509,0.692,9.1,0.048,1,0.0,True,0.0,0,0.51;0.49;0.49;0.47;0.50;0.52,2.98,1.5,0.0,0.0
38,A.García,AVL,DEF,4.0,0.5,0.709,11.1,0.103,1,0.0,True,0.0,0,0.50;0.53;0.51;0.49;0.47;0.47,2.97,1.1,0.0,0.0
118,Igor,BHA,DEF,4.5,0.487,0.755,11.2,0.116,1,0.0,True,0.0,0,0.49;0.49;0.48;0.51;0.48;0.45,2.9,1.1,0.0,0.0
272,Kusi-Asare,FUL,FWD,4.5,0.485,0.77,8.1,0.053,1,0.0,True,0.0,0,0.48;0.49;0.51;0.45;0.47;0.45,2.85,0.9,0.0,0.0
361,Lucky,LIV,DEF,4.0,0.481,0.797,11.7,0.139,1,0.0,True,0.0,0,0.48;0.51;0.41;0.44;0.42;0.48,2.74,1.1,0.0,0.0
430,Mount,MUN,MID,5.5,0.48,0.67,8.9,0.059,1,0.0,True,0.0,0,0.48;0.50;0.49;0.51;0.47;0.49,2.94,1.4,0.0,0.0
169,Mheuka,CHE,FWD,4.5,0.479,0.809,6.6,0.034,1,0.0,True,0.0,0,0.48;0.42;0.42;0.43;0.42;0.44,2.61,0.9,0.0,0.0
490,Wood,NFO,FWD,5.9,0.459,0.784,7.3,0.055,1,0.5,True,0.5,0,0.46;0.44;0.43;0.43;0.53;0.41,2.7,0.8,0.0,0.0
623,Bentley,COV,GKP,4.0,0.456,0.544,14.7,0.175,1,1.0,True,0.0,0,0.46;0.56;0.57;0.57;0.59;0.61,3.36,0.4,0.0,0
66,Soler,BOU,DEF,4.0,0.443,0.716,11.0,0.114,1,0.0,True,0.0,0,0.44;0.47;0.48;0.42;0.54;0.43,2.78,1.0,0.0,0.0
126,O'Riley,BHA,MID,5.5,0.439,0.78,8.3,0.076,1,0.0,True,0.0,0,0.44;0.41;0.51;0.43;0.44;0.44,2.67,2.1,0.0,0.0
72,Gannon-Doak,BOU,MID,5.0,0.413,0.606,6.7,0.026,1,0.5,True,0.5,0,0.41;0.42;0.44;0.41;0.43;0.42,2.53,1.2,0.0,0.0
374,Endo,LIV,MID,5.0,0.413,0.584,8.5,0.061,1,0.0,True,0.0,0,0.41;0.44;0.41;0.44;0.42;0.44,2.56,1.1,0.0,0.0
234,Patterson,EVE,DEF,4.5,0.411,0.666,9.3,0.088,1,0.0,True,0.0,0,0.41;0.43;0.45;0.42;0.40;0.39,2.5,0.9,0.0,0.0
289,Crooks,HUL,MID,4.5,0.407,0.738,10.3,0.123,1,0.8,False,1.0,0,0.41;0.37;0.38;0.40;0.39;0.39,2.34,1.8,0.0,0.0
477,Abbott,NFO,DEF,4.0,0.403,0.713,8.6,0.097,1,0.0,True,0.0,0,0.40;0.35;0.40;0.33;0.36;0.37,2.21,0.8,0.0,0.0
174,Kitching,COV,DEF,4.0,0.384,0.718,11.4,0.136,1,0.0,False,0.0,0,0.38;0.47;0.46;0.47;0.48;0.50,2.76,0.9,0.0,0.0
270,Reed,FUL,MID,4.5,0.37,0.623,6.7,0.045,1,0.0,True,0.0,0,0.37;0.37;0.38;0.35;0.37;0.35,2.19,1.2,0.0,0.0
508,Davies,TOT,DEF,4.0,0.365,0.738,8.4,0.094,1,0.0,True,0.0,0,0.36;0.40;0.39;0.33;0.40;0.32,2.2,1.0,0.0,0.0
22,Nwaneri,ARS,MID,5.4,0.359,0.608,6.6,0.044,1,0.0,True,0.0,0,0.36;0.35;0.35;0.36;0.35;0.36,2.13,1.2,0.0,0.0
556,Targett,HUL,DEF,4.0,0.352,0.668,7.7,0.082,1,0.5,True,0.5,0,0.35;0.29;0.31;0.36;0.33;0.33,1.97,0.8,0.0,0.0
100,Carvalho,BRE,MID,5.0,0.351,0.659,6.1,0.043,1,0.0,True,0.0,0,0.35;0.32;0.34;0.33;0.36;0.32,2.02,1.4,0.0,0.0
435,Lacey,MUN,MID,5.0,0.351,0.571,6.5,0.04,1,0.5,True,0.5,0,0.35;0.37;0.36;0.37;0.35;0.36,2.16,1.0,0.0,0.0
20,Dowman,ARS,MID,5.4,0.35,0.685,5.8,0.039,1,0.0,True,0.0,0,0.35;0.34;0.34;0.34;0.34;0.35,2.06,1.6,0.0,0.0
396,Vitor Reis,MCI,DEF,4.5,0.341,0.638,7.2,0.077,1,0.5,True,0.5,0,0.34;0.29;0.35;0.29;0.34;0.31,1.92,0.7,0.0,0.0
273,Phillips,HUL,GKP,4.0,0.336,0.537,8.2,0.098,1,0.0,False,0.0,0,0.34;0.27;0.29;0.34;0.31;0.31,1.86,0.3,0.0,0
352,Woodman,LIV,GKP,4.0,0.329,0.505,8.0,0.089,1,0.0,True,0.0,0,0.33;0.34;0.28;0.29;0.29;0.32,1.85,0.3,0.0,0
195,Simms,COV,FWD,5.0,0.322,0.701,7.1,0.085,1,1.0,False,1.0,0,0.32;0.34;0.31;0.33;0.31;0.33,1.94,0.3,0.0,0.0
300,Walton,IPS,GKP,4.5,0.317,0.509,8.3,0.099,1,0.0,False,0.0,0,0.32;0.29;0.32;0.34;0.26;0.35,1.88,0.2,0.0,0
383,Elliott,LIV,MID,5.4,0.315,0.556,6.5,0.055,1,0.0,True,0.0,0,0.32;0.34;0.31;0.34;0.32;0.34,1.97,1.0,0.0,0.0
476,O.Richards,NFO,DEF,4.0,0.312,0.66,6.7,0.08,1,0.0,True,0.0,0,0.31;0.27;0.31;0.25;0.28;0.28,1.7,0.6,0.0,0.0
510,Rowswell,TOT,DEF,4.0,0.308,0.613,7.2,0.078,1,0.0,True,0.0,0,0.31;0.33;0.33;0.28;0.34;0.27,1.86,0.6,0.0,0.0
216,Esse,CRY,MID,5.0,0.302,0.562,6.0,0.049,1,0.0,True,0.0,0,0.30;0.30;0.29;0.31;0.30;0.31,1.81,1.0,0.0,0.0
92,Ji-soo,BRE,DEF,4.5,0.301,0.644,6.3,0.076,1,0.0,True,0.0,0,0.30;0.23;0.25;0.25;0.26;0.26,1.55,0.6,0.0,0.0
443,Gillespie,NEW,GKP,4.5,0.298,0.486,8.1,0.096,1,0.0,True,0.0,0,0.30;0.29;0.35;0.32;0.33;0.28,1.87,0.2,0.0,0
468,John,NFO,GKP,4.5,0.296,0.515,7.0,0.083,1,0.0,True,0.0,0,0.30;0.26;0.30;0.24;0.25;0.27,1.62,0.2,0.0,0
58,Forster,BOU,GKP,4.0,0.284,0.465,7.9,0.095,1,0.0,True,0.0,0,0.28;0.30;0.30;0.26;0.35;0.27,1.76,0.2,0.0,0
509,Byfield,TOT,DEF,4.0,0.271,0.574,6.4,0.069,1,0.0,True,0.0,0,0.27;0.29;0.29;0.25;0.30;0.24,1.64,0.5,0.0,0.0
386,Bettinelli,MCI,GKP,4.5,0.263,0.479,6.1,0.072,1,0.0,True,0.0,0,0.26;0.21;0.27;0.21;0.26;0.23,1.44,0.2,0.0,0
531,Ellborg,SUN,GKP,4.5,0.258,0.438,7.3,0.087,1,0.0,True,0.0,0,0.26;0.27;0.23;0.28;0.25;0.29,1.58,0.1,0.0,0
221,Drakes-Thomas,CRY,MID,4.5,0.257,0.525,5.2,0.043,1,0.0,True,0.0,0,0.26;0.26;0.25;0.26;0.25;0.27,1.55,0.9,0.0,0.0
409,Mukasa,MCI,MID,4.5,0.255,0.532,5.4,0.052,1,0.0,True,0.0,0,0.26;0.25;0.27;0.26;0.26;0.25,1.55,0.9,0.0,0.0
288,Dowell,HUL,MID,4.5,0.249,0.593,5.8,0.069,1,0.0,False,0.0,0,0.25;0.23;0.23;0.25;0.24;0.24,1.44,1.1,0.0,0.0
434,J.Fletcher,MUN,MID,5.0,0.249,0.497,5.3,0.045,1,0.0,True,0.0,0,0.25;0.26;0.25;0.26;0.24;0.25,1.51,0.8,0.0,0.0
163,D.Essugo,CHE,MID,4.5,0.247,0.582,4.8,0.04,1,0.0,True,0.0,0,0.25;0.23;0.22;0.23;0.22;0.24,1.39,1.1,0.0,0.0
284,McCarthy,HUL,DEF,4.0,0.242,0.583,5.5,0.066,1,0.0,False,0.0,0,0.24;0.20;0.21;0.25;0.22;0.23,1.35,0.5,0.0,0.0
199,Benitez,CRY,GKP,4.5,0.238,0.441,6.2,0.074,1,0.0,True,0.0,0,0.24;0.27;0.23;0.26;0.22;0.24,1.46,0.1,0.0,0
438,Fletcher,MUN,MID,4.5,0.234,0.483,4.6,0.036,1,0.0,True,0.0,0,0.23;0.25;0.24;0.25;0.23;0.24,1.44,0.7,0.0,0.0
251,Lecomte,FUL,GKP,4.0,0.23,0.434,6.0,0.071,1,0.0,True,0.0,0,0.23;0.21;0.22;0.24;0.26;0.24,1.4,0.1,0.0,0
621,McAidoo,MCI,MID,4.5,0.229,0.513,4.8,0.046,1,1.0,True,1.0,0,0.23;0.23;0.24;0.23;0.23;0.23,1.39,0.8,0.0,0.0
2,Arrizabalaga,ARS,GKP,5.0,0.228,0.42,6.3,0.075,1,0.0,True,0.0,0,0.23;0.26;0.22;0.25;0.25;0.26,1.47,0.1,0.0,0
227,Travers,EVE,GKP,5.0,0.228,0.425,6.1,0.073,1,0.0,True,0.0,0,0.23;0.25;0.27;0.25;0.22;0.21,1.43,0.1,0.0,0
515,Maddison,TOT,MID,6.4,0.227,0.478,4.3,0.032,1,0.4,True,0.5,0,0.23;0.24;0.24;0.23;0.23;0.23,1.4,0.7,0.0,0.0
561,Anselmino,CHE,DEF,4.5,0.222,0.569,5.8,0.07,1,0.0,True,0.0,0,0.22;0.27;0.22;0.23;0.24;0.27,1.45,0.5,0.0,0.0
606,Rowe,AVL,DEF,4.0,0.211,0.524,5.0,0.06,1,0.0,True,0.0,0,0.21;0.23;0.22;0.21;0.19;0.19,1.25,0.3,0.0,0.0
424,Amass,MUN,DEF,4.0,0.207,0.526,5.0,0.06,1,0.0,True,0.0,0,0.21;0.19;0.21;0.23;0.19;0.20,1.23,0.4,0.0,0.0
103,Dasilva,BRE,MID,5.0,0.205,0.487,3.8,0.03,1,0.0,True,0.0,0,0.21;0.19;0.20;0.19;0.21;0.19,1.19,0.7,0.0,0.0
301,Palmer,IPS,GKP,4.0,0.205,0.408,5.4,0.064,1,0.0,False,0.0,0,0.20;0.19;0.21;0.22;0.17;0.23,1.22,0.1,0.0,0
178,Bidwell,COV,DEF,4.0,0.204,0.514,5.9,0.07,1,0.0,False,0.0,0,0.20;0.24;0.24;0.25;0.25;0.26,1.44,0.4,0.0,0.0
307,Johnson,IPS,DEF,4.0,0.201,0.537,4.8,0.057,1,0.0,False,0.0,0,0.20;0.18;0.20;0.21;0.17;0.22,1.18,0.4,0.0,0.0
609,Shahar,NEW,DEF,4.0,0.2,0.52,5.0,0.06,1,0.0,True,0.0,0,0.20;0.19;0.23;0.21;0.22;0.19,1.24,0.4,0.0,0.0
603,Lienou,LEE,DEF,4.0,0.192,0.506,5.0,0.06,1,0.0,True,0.0,0,0.19;0.21;0.21;0.19;0.21;0.22,1.23,0.3,0.0,0.0
134,Oriola,BHA,MID,4.5,0.189,0.481,4.2,0.043,1,0.0,True,0.0,0,0.19;0.18;0.22;0.19;0.19;0.19,1.16,0.7,0.0,0.0
120,Svoboda,BHA,DEF,5.0,0.173,0.486,4.1,0.049,1,0.0,False,0.0,0,0.17;0.17;0.17;0.18;0.17;0.16,1.02,0.3,0.0,0.0
179,Latibeaudiere,COV,DEF,4.0,0.173,0.471,4.9,0.059,1,0.0,False,0.0,0,0.17;0.21;0.20;0.21;0.21;0.22,1.22,0.3,0.0,0.0
50,Burrowes,AVL,MID,4.5,0.168,0.423,4.0,0.041,1,0.0,True,0.0,0,0.17;0.18;0.18;0.18;0.17;0.18,1.06,0.6,0.0,0
107,Furo,BRE,FWD,4.5,0.168,0.475,2.8,0.021,1,0.0,True,0.0,0,0.17;0.15;0.17;0.16;0.17;0.15,0.97,0.1,0.0,0
292,Ömür,HUL,MID,5.0,0.163,0.479,3.8,0.045,1,0.0,False,0.0,0,0.16;0.15;0.15;0.16;0.15;0.16,0.93,0.7,0.0,0.0
407,Echeverri,MCI,MID,5.0,0.163,0.454,3.9,0.047,1,0.0,True,0.0,0,0.16;0.16;0.17;0.16;0.16;0.16,0.97,0.6,0.0,0
437,Bendito Mantato,MUN,MID,4.5,0.162,0.419,3.5,0.032,1,0.0,True,0.0,0,0.16;0.17;0.16;0.17;0.16;0.16,0.98,0.5,0.0,0
625,Cairns,LEE,GKP,4.0,0.16,0.345,4.5,0.053,1,1.0,True,0.0,0,0.16;0.17;0.17;0.15;0.17;0.19,1.01,0.0,0,0
528,Scarlett,TOT,FWD,4.5,0.156,0.437,2.8,0.021,1,0.0,True,0.0,0,0.16;0.16;0.17;0.16;0.16;0.16,0.97,0.1,0.0,0
524,Olusesi,TOT,MID,4.5,0.154,0.42,3.5,0.036,1,0.0,True,0.0,0,0.15;0.16;0.16;0.16;0.16;0.15,0.94,0.5,0.0,0
314,Ogbene,IPS,MID,5.0,0.149,0.472,3.4,0.04,1,0.0,False,0.0,0,0.15;0.13;0.14;0.15;0.14;0.14,0.85,0.7,0.0,0.0
581,Diomande,NFO,DEF,5.5,0.141,0.442,3.0,0.036,1,0.0,False,0.0,0,0.14;0.12;0.14;0.11;0.13;0.13,0.77,0.2,0.0,0
93,Schuster,BRE,DEF,4.5,0.14,0.438,2.9,0.035,1,0.0,False,0.0,0,0.14;0.11;0.12;0.12;0.12;0.12,0.73,0.2,0.0,0
344,Gruev,LEE,MID,5.0,0.136,0.316,3.1,0.025,1,0.0,True,0.0,0,0.14;0.14;0.14;0.14;0.14;0.14,0.84,0.3,0.0,0
302,Button,IPS,GKP,4.0,0.132,0.328,3.5,0.041,1,0.0,False,0.0,0,0.13;0.12;0.13;0.14;0.11;0.15,0.78,0.0,0,0
217,M.França,CRY,MID,4.9,0.13,0.416,3.2,0.038,1,0.0,True,0.0,0,0.13;0.13;0.12;0.14;0.13;0.14,0.79,0.5,0.0,0
614,Hadjam,BHA,DEF,4.5,0.124,0.411,2.9,0.035,1,1.7,False,0.0,0,0.12;0.12;0.12;0.13;0.12;0.11,0.72,0.2,0.0,0
466,Neave,NEW,FWD,4.5,0.122,0.411,2.3,0.021,1,0.0,True,0.0,0,0.12;0.12;0.12;0.11;0.13;0.12,0.72,0.1,0.0,0
187,Eccles,COV,MID,4.9,0.121,0.412,3.0,0.036,1,0.0,False,0.0,0,0.12;0.13;0.12;0.13;0.12;0.13,0.75,0.5,0.0,0
296,Akintola,HUL,MID,5.0,0.117,0.405,2.7,0.032,1,0.0,False,0.0,0,0.12;0.11;0.11;0.12;0.11;0.11,0.68,0.5,0.0,0
152,Palestra,CHE,DEF,5.4,0.115,0.405,3.0,0.035,1,0.0,False,0.0,0,0.11;0.14;0.11;0.12;0.12;0.14,0.74,0.2,0.0,0
573,Sanchez,BOU,DEF,4.5,0.114,0.387,2.9,0.035,1,0.0,False,0.0,0,0.11;0.12;0.12;0.11;0.14;0.11,0.71,0.2,0.0,0
83,Valdimarsson,BRE,GKP,4.5,0.114,0.317,2.6,0.031,1,0.0,True,0.0,0,0.11;0.09;0.09;0.10;0.10;0.10,0.59,0.0,0,0
218,Doucouré,CRY,MID,4.9,0.114,0.391,2.8,0.033,1,0.0,True,0.0,0,0.11;0.12;0.11;0.12;0.11;0.12,0.69,0.5,0.0,0
612,Methalie,SUN,DEF,4.5,0.111,0.377,2.9,0.035,1,1.7,False,0.0,0,0.11;0.12;0.10;0.12;0.11;0.12,0.68,0.2,0.0,0
590,Benda,NFO,GKP,4.5,0.109,0.309,2.5,0.03,1,0.0,True,0.0,0,0.11;0.10;0.11;0.09;0.09;0.10,0.6,0.0,0,0
550,Jocelin.T,SUN,MID,5.0,0.107,0.369,2.8,0.033,1,0.0,True,0.0,0,0.11;0.13;0.11;0.12;0.11;0.11,0.69,0.4,0.0,0
378,McConnell,LIV,MID,4.5,0.106,0.355,2.7,0.032,1,0.0,True,0.0,0,0.11;0.12;0.10;0.12;0.11;0.12,0.68,0.4,0.0,0
23,Fábio Vieira,ARS,MID,5.5,0.104,0.385,2.5,0.03,1,0.0,True,0.0,0,0.10;0.10;0.10;0.10;0.10;0.11,0.61,0.5,0.0,0
219,J.Rak-Sakyi,CRY,MID,5.0,0.101,0.367,2.5,0.029,1,0.0,True,0.0,0,0.10;0.10;0.10;0.11;0.10;0.11,0.62,0.4,0.0,0
111,Steele,BHA,GKP,4.0,0.098,0.285,2.5,0.029,1,0.0,True,0.0,0,0.10;0.10;0.09;0.10;0.10;0.09,0.58,0.0,0,0
578,Mudryk,CHE,MID,5.4,0.098,0.399,2.2,0.026,1,0.0,True,0.0,0,0.10;0.09;0.09;0.09;0.09;0.10,0.56,0.5,0.0,0
444,Jaouen,NEW,GKP,4.5,0.097,0.276,2.6,0.031,1,0.0,False,0.0,0,0.10;0.10;0.11;0.11;0.11;0.09,0.62,0.0,0,0
495,Austin,TOT,GKP,4.0,0.097,0.282,2.5,0.029,1,0.0,True,0.0,0,0.10;0.10;0.10;0.09;0.11;0.08,0.58,0.0,0,0
555,Matthews,CRY,GKP,4.0,0.095,0.278,2.5,0.029,1,0.0,True,0.0,0,0.10;0.11;0.09;0.10;0.09;0.10,0.59,0.0,0,0
228,King,EVE,GKP,4.5,0.094,0.272,2.5,0.03,1,0.0,True,0.0,0,0.09;0.10;0.11;0.10;0.09;0.09,0.58,0.0,0,0
3,Meslier,ARS,GKP,5.0,0.093,0.267,2.5,0.03,1,0.0,True,0.0,0,0.09;0.11;0.09;0.10;0.10;0.11,0.6,0.0,0,0
610,De Fougerolles,FUL,DEF,4.0,0.09,0.35,2.2,0.026,1,0.0,False,0.0,0,0.09;0.08;0.09;0.09;0.10;0.09,0.54,0.1,0.0,0
189,Shepherd,COV,MID,4.5,0.089,0.352,2.2,0.026,1,0.0,False,0.0,0,0.09;0.09;0.09;0.09;0.09;0.10,0.55,0.4,0.0,0
560,Penders,CHE,GKP,4.5,0.086,0.24,2.5,0.03,1,0.0,True,0.0,0,0.09;0.11;0.09;0.09;0.10;0.11,0.59,0.0,0,0
604,Cresswell,LEE,MID,4.5,0.086,0.342,2.1,0.025,1,0.0,True,0.0,0,0.09;0.09;0.09;0.10;0.09;0.09,0.55,0.4,0.0,0
601,Williams-Barnett,TOT,MID,4.5,0.086,0.332,2.1,0.025,1,0.0,True,0.0,0,0.09;0.09;0.09;0.09;0.09;0.08,0.53,0.3,0.0,0
324,Mehmeti,IPS,MID,5.0,0.085,0.356,1.9,0.023,1,0.0,False,0.0,0,0.08;0.08;0.08;0.08;0.08;0.08,0.48,0.4,0.0,0
171,Dovin,COV,GKP,4.0,0.084,0.227,2.6,0.03,1,0.0,False,0.0,0,0.08;0.10;0.10;0.10;0.10;0.11,0.59,0.0,0,0
441,Obi,MUN,FWD,4.5,0.081,0.354,1.8,0.021,1,0.0,True,0.0,0,0.08;0.09;0.08;0.09;0.08;0.08,0.5,0.0,0.0,0
191,Borges Rodrigues,COV,MID,4.5,0.076,0.327,1.9,0.023,1,0.0,False,0.0,0,0.08;0.08;0.08;0.08;0.08;0.08,0.48,0.3,0.0,0
574,Hjertø-Dahl,HUL,MID,5.0,0.074,0.323,1.7,0.021,1,0.0,False,0.0,0,0.07;0.07;0.07;0.07;0.07;0.07,0.42,0.3,0.0,0
410,Monga,MCI,MID,4.9,0.073,0.303,1.8,0.021,1,0.0,False,0.0,0,0.07;0.07;0.08;0.07;0.07;0.07,0.43,0.3,0.0,0
587,Rulli,MCI,GKP,5.0,0.063,0.233,1.4,0.017,1,0.0,False,0.0,0,0.06;0.05;0.06;0.05;0.06;0.06,0.34,0.0,0,0
602,Humphreys,IPS,MID,4.5,0.059,0.298,1.4,0.016,1,0.0,False,0.0,0,0.06;0.05;0.05;0.06;0.05;0.06,0.33,0.3,0.0,0
355,Davies,LIV,GKP,4.0,0.057,0.219,1.4,0.017,1,0.0,False,0.0,0,0.06;0.06;0.05;0.05;0.05;0.05,0.32,0.0,0,0
170,Emegha,CHE,FWD,5.0,0.056,0.32,1.0,0.012,1,0.0,False,0.0,0,0.06;0.05;0.05;0.05;0.05;0.05,0.31,0.0,0.0,0
607,Lynch,AVL,MID,4.5,0.053,0.252,1.4,0.016,1,0.0,False,0.0,0,0.05;0.06;0.06;0.06;0.05;0.06,0.34,0.2,0.0,0
615,Di Gregorio,BOU,GKP,4.5,0.052,0.196,1.4,0.017,1,2.0,False,0.0,0,0.05;0.05;0.05;0.05;0.06;0.05,0.31,0.0,0,0
624,Cozier-Duberry,BHA,MID,5.0,0.051,0.262,1.2,0.015,1,1.5,False,0.0,0,0.05;0.05;0.06;0.05;0.05;0.05,0.31,0.2,0.0,0
626,Zepa,FUL,MID,4.5,0.05,0.262,1.2,0.014,1,1.0,False,0.0,0,0.05;0.05;0.05;0.05;0.05;0.05,0.3,0.2,0.0,0
618,Goretzka,AVL,MID,6.0,0.049,0.242,1.3,0.015,1,2.2,False,0.0,0,0.05;0.05;0.05;0.05;0.05;0.05,0.3,0.2,0.0,0
599,Cherif,COV,FWD,5.0,0.049,0.281,1.0,0.012,1,0.0,False,0.0,0,0.05;0.05;0.05;0.05;0.05;0.05,0.3,0.0,0.0,0
172,Wilson,COV,GKP,4.5,0.047,0.169,1.4,0.017,1,0.0,False,0.0,0,0.05;0.06;0.06;0.06;0.06;0.06,0.35,0.0,0,0
613,Ahoka,SUN,MID,4.5,0.047,0.248,1.2,0.014,1,1.0,False,0.0,0,0.05;0.06;0.05;0.05;0.05;0.05,0.31,0.2,0.0,0
