element,web_name,team,pos,price,xp,sd,xmins,p_start,n_fix,fpl_ep_next,matched_prior,naive_recent6,eligible
411,Haaland,MCI,FWD,15.5,5.148,3.23,75.7,0.895,1,4.0,True,6.289,1
426,B.Fernandes,MUN,MID,12.0,4.652,2.875,77.4,0.921,1,4.0,True,6.184,1
106,Thiago,BRE,FWD,8.0,4.509,2.95,82.3,0.974,1,2.5,True,4.763,1
481,Anderson,MCI,MID,6.5,4.336,1.911,82.3,0.974,1,2.3,True,4.737,1
397,Semenyo,MCI,MID,8.5,4.103,2.773,81.8,0.974,1,2.9,True,5.316,1
229,Tarkowski,EVE,DEF,6.0,4.081,2.338,81.8,0.974,1,2.8,True,4.474,1
480,Gibbs-White,NFO,MID,8.0,4.076,2.712,78.4,0.921,1,2.8,True,4.947,1
155,Enzo,CHE,MID,7.0,4.025,2.757,77.9,0.921,1,2.5,True,4.132,1
498,Senesi,TOT,DEF,6.0,3.945,2.116,81.8,0.974,1,2.8,True,4.605,1
356,Virgil,LIV,DEF,6.5,3.915,2.396,84.0,1.0,1,3.1,True,4.605,1
13,Rice,ARS,MID,7.5,3.912,2.108,77.9,0.921,1,2.6,True,4.842,1
427,Mbeumo,MUN,MID,8.0,3.826,2.77,69.6,0.816,1,2.8,True,3.895,1
94,Schade,BRE,MID,6.0,3.803,2.813,72.3,0.842,1,2.1,True,3.289,1
82,Kelleher,BRE,GKP,5.0,3.796,1.667,81.8,0.974,1,2.6,True,3.763,1
55,Watkins,AVL,FWD,8.0,3.781,2.53,75.1,0.868,1,2.5,True,4.395,1
388,Guéhi,MCI,DEF,6.0,3.679,2.535,77.4,0.921,1,2.8,True,4.711,1
165,João Pedro,CHE,FWD,7.5,3.628,2.509,70.6,0.816,1,2.3,True,4.658,1
445,Thiaw,NEW,DEF,5.0,3.573,2.505,74.0,0.868,1,2.2,True,3.316,1
367,Gakpo,LIV,MID,7.0,3.572,2.444,72.8,0.842,1,2.5,True,3.447,1
25,Gyökeres,ARS,FWD,7.5,3.552,2.525,62.7,0.684,1,2.3,True,3.368,1
200,Lacroix,CHE,DEF,6.0,3.541,2.132,77.4,0.921,1,2.8,True,4.053,1
346,Calvert-Lewin,LEE,FWD,6.0,3.531,2.436,70.8,0.811,1,2.0,True,3.838,1
124,Groß,BHA,MID,5.5,3.527,2.011,80.6,0.947,1,2.0,True,4.105,1
226,Pickford,EVE,GKP,5.5,3.52,1.688,84.0,1.0,1,3.3,True,3.553,1
40,Rogers,CHE,MID,7.5,3.513,2.26,81.8,0.974,1,2.6,True,4.447,1
237,Ndiaye,EVE,MID,6.0,3.497,2.32,70.7,0.842,1,2.1,True,3.368,1
69,Scott,BOU,MID,6.0,3.49,1.798,76.7,0.895,1,2.1,True,3.579,1
368,Szoboszlai,LIV,MID,7.0,3.466,2.117,79.6,0.947,1,2.5,True,4.211,1
12,Saka,ARS,MID,9.5,3.458,2.537,58.4,0.658,1,3.2,True,4.132,1
469,N.Williams,NFO,DEF,5.0,3.458,2.319,80.1,0.947,1,2.2,True,3.368,1
542,E.Le Fée,SUN,MID,6.0,3.45,2.138,74.5,0.868,1,2.1,True,3.868,1
109,Verbruggen,BHA,GKP,4.5,3.427,1.646,84.0,1.0,1,1.9,True,3.421,1
525,Fernandes,TOT,MID,6.0,3.421,1.623,82.2,0.972,1,2.1,True,3.75,1
387,O'Reilly,MCI,DEF,6.5,3.41,2.727,66.7,0.763,1,3.1,True,4.211,1
471,Milenković,NFO,DEF,5.5,3.402,1.991,82.3,0.974,1,2.5,True,3.132,1
68,Tavernier,BOU,MID,6.0,3.326,2.341,70.1,0.816,1,2.1,True,3.605,1
84,Collins,BRE,DEF,5.5,3.317,2.174,72.3,0.842,1,2.5,True,3.395,1
105,Anthony,BRE,MID,6.0,3.309,2.131,73.4,0.842,1,2.1,True,3.342,1
67,Rayan,BOU,MID,6.5,3.306,2.117,75.5,0.867,1,2.3,True,4.467,1
328,Struijk,BHA,DEF,5.0,3.301,2.246,73.5,0.868,1,2.2,True,2.842,1
19,Zubimendi,ARS,MID,5.5,3.284,1.83,77.3,0.895,1,2.0,True,3.5,1
4,Gabriel,ARS,DEF,8.0,3.265,2.298,67.4,0.789,1,4.0,True,5.5,1
250,Leno,FUL,GKP,4.5,3.255,1.644,84.0,1.0,1,1.9,True,3.211,1
112,Van Hecke,TOT,DEF,5.0,3.24,2.242,79.6,0.947,1,2.2,True,3.895,1
384,Donnarumma,MCI,GKP,5.5,3.235,1.661,81.6,0.971,1,3.3,True,3.857,1
1,Raya,ARS,GKP,6.0,3.22,1.692,81.8,0.974,1,4.0,True,4.263,1
88,Kayode,BRE,DEF,4.5,3.218,2.176,81.8,0.974,1,1.7,True,2.974,1
79,Evanilson,BOU,FWD,6.0,3.212,2.116,72.8,0.842,1,2.0,True,3.026,1
136,Welbeck,CHE,FWD,6.0,3.212,2.339,63.3,0.684,1,2.0,True,3.316,1
85,Van den Berg,BRE,DEF,5.0,3.202,2.296,67.4,0.789,1,2.2,True,2.974,1
338,Ampadu,LEE,MID,5.5,3.189,1.585,77.4,0.921,1,2.0,True,3.526,1
223,Mateta,CRY,FWD,6.5,3.185,2.334,58.9,0.658,1,2.1,True,3.0,1
61,Truffert,BOU,DEF,5.5,3.167,1.987,84.0,1.0,1,2.5,True,4.342,1
366,Wirtz,LIV,MID,7.5,3.167,2.252,62.8,0.711,1,2.6,True,3.289,1
260,Wilson,LEE,MID,6.5,3.163,2.153,72.8,0.842,1,2.3,True,4.421,1
95,O.Dango,BRE,MID,6.5,3.15,2.391,58.9,0.658,1,2.3,True,3.579,1
153,Disasi,CHE,DEF,4.5,3.15,2.206,84.0,1.0,1,1.7,True,3.5,1
231,Keane,EVE,DEF,5.0,3.11,2.089,66.2,0.763,1,2.2,True,3.447,1
428,Cunha,MUN,MID,8.0,3.105,2.214,66.2,0.763,1,2.8,True,3.763,1
232,O'Brien,EVE,DEF,5.0,3.098,2.123,78.4,0.921,1,2.2,True,3.053,1
529,Roefs,SUN,GKP,5.0,3.096,1.524,77.4,0.921,1,2.6,True,3.579,1
211,Yeremy,CRY,MID,5.5,3.095,2.121,65.1,0.722,1,2.0,True,2.139,1
198,Henderson,CRY,GKP,5.0,3.084,1.523,81.8,0.974,1,2.6,True,3.447,1
156,Neto,CHE,MID,6.5,3.082,2.096,68.4,0.789,1,2.3,True,3.289,1
497,Dubravka,TOT,GKP,4.0,3.076,1.478,77.4,0.921,1,1.0,True,2.526,1
337,Aaronson,LEE,MID,5.5,3.063,1.974,70.0,0.789,1,2.0,True,3.316,1
113,F.Kadıoğlu,BHA,DEF,4.5,3.061,2.203,76.7,0.895,1,1.7,True,3.105,1
491,Igor Jesus,NFO,FWD,6.0,3.036,2.034,66.6,0.737,1,2.0,True,3.0,1
236,Dewsbury-Hall,EVE,MID,6.5,3.002,2.075,66.8,0.789,1,2.3,True,3.974,1
463,Woltemade,NEW,FWD,6.0,2.996,2.076,62.7,0.686,1,2.0,True,3.086,1
452,Bruno G.,ARS,MID,7.0,2.988,2.206,60.7,0.711,1,2.5,True,4.053,1
398,Foden,MCI,MID,7.0,2.967,2.225,56.1,0.605,1,2.5,True,3.447,1
431,Amad,MUN,MID,6.0,2.956,2.095,62.3,0.711,1,2.1,True,2.395,1
57,Petrović,BOU,GKP,4.5,2.948,1.494,84.0,1.0,1,1.9,True,3.263,1
204,Mitchell,CRY,DEF,4.5,2.941,2.023,80.6,0.947,1,1.7,True,3.553,1
399,Cherki,MCI,MID,7.5,2.941,2.166,49.4,0.5,1,2.6,True,3.553,1
467,Sels,NFO,GKP,5.0,2.936,1.494,66.8,0.789,1,2.6,True,2.763,1
97,Jensen,BRE,MID,5.5,2.935,1.878,62.7,0.684,1,2.0,True,2.579,1
154,Palmer,CHE,MID,9.5,2.917,2.494,54.1,0.632,1,3.2,True,3.0,1
202,Richards,CRY,DEF,5.0,2.917,2.016,69.6,0.816,1,2.2,True,3.368,1
423,Shaw,MUN,DEF,4.5,2.915,1.959,84.0,1.0,1,1.7,True,2.974,1
249,Barry,EVE,FWD,5.5,2.894,2.076,55.4,0.553,1,1.8,True,2.5,1
412,Lammens,MUN,GKP,5.0,2.889,1.513,76.8,0.914,1,2.6,True,3.114,1
208,Sarr,CRY,MID,6.5,2.888,2.36,55.2,0.632,1,2.3,True,3.079,1
54,Gomes,AVL,MID,5.5,2.887,1.443,72.3,0.842,1,2.0,True,2.816,1
140,Sánchez,CHE,GKP,5.0,2.884,1.52,77.4,0.921,1,2.6,True,2.974,1
371,Gravenberch,LIV,MID,6.0,2.877,1.556,76.2,0.895,1,2.1,True,3.789,1
14,Eze,ARS,MID,6.5,2.855,2.129,54.4,0.579,1,2.3,True,2.974,1
453,Barnes,NEW,MID,6.0,2.845,2.128,51.5,0.5,1,2.1,True,2.789,1
372,Mac Allister,LIV,MID,5.5,2.844,1.827,71.7,0.816,1,2.0,True,2.842,1
96,Damsgaard,BRE,MID,5.5,2.842,1.88,57.8,0.632,1,2.0,True,2.974,1
28,Martinez,AVL,GKP,5.0,2.838,1.456,70.7,0.842,1,2.6,True,3.158,1
534,Hume,SUN,DEF,4.5,2.834,2.142,77.3,0.895,1,1.7,True,2.895,1
210,Wharton,CRY,MID,5.5,2.832,1.704,66.7,0.763,1,2.0,True,2.947,1
519,Gallagher,TOT,MID,5.5,2.829,1.704,71.5,0.824,1,2.0,True,2.588,1
544,Xhaka,SUN,MID,5.5,2.819,1.474,71.8,0.842,1,2.0,True,3.263,1
102,Yarmoliuk,BRE,MID,5.0,2.813,1.461,70.0,0.789,1,1.5,True,2.737,1
127,Gomez,BHA,MID,5.0,2.809,2.144,60.6,0.684,1,1.5,True,2.553,1
233,Mykolenko,EVE,DEF,4.5,2.797,1.889,72.9,0.868,1,1.7,True,2.5,1
248,Beto,EVE,FWD,5.5,2.794,2.11,48.1,0.447,1,1.8,True,2.737,0
329,Rodon,LEE,DEF,4.5,2.772,1.858,74.0,0.868,1,1.7,True,2.868,1
557,Tzolis,ARS,MID,6.5,2.765,1.958,60.7,0.675,1,2.3,False,2.0,0
389,Matheus N.,MCI,DEF,6.0,2.762,1.872,71.8,0.842,1,2.8,True,4.053,1
265,Berge,FUL,MID,5.0,2.735,1.5,75.7,0.895,1,1.5,True,2.395,1
262,Smith Rowe,FUL,MID,5.5,2.719,1.925,56.5,0.579,1,2.0,True,2.105,1
455,Tonali,TOT,MID,5.5,2.711,1.557,70.6,0.816,1,2.0,True,2.132,1
159,Caicedo,CHE,MID,5.5,2.674,1.481,71.3,0.842,1,2.0,True,2.895,1
32,Cash,AVL,DEF,4.5,2.663,1.986,75.7,0.895,1,1.7,True,3.079,1
31,Konsa,AVL,DEF,4.5,2.643,1.904,75.2,0.895,1,1.7,True,2.632,1
116,Dunk,BHA,DEF,4.5,2.629,1.993,69.6,0.816,1,1.7,True,2.632,1
330,Bogle,LEE,DEF,4.5,2.628,2.06,71.8,0.842,1,1.7,True,2.526,1
503,Van de Ven,TOT,DEF,5.0,2.627,2.12,77.4,0.921,1,2.2,True,3.053,1
86,Lewis-Potter,BRE,MID,5.5,2.611,1.785,56.0,0.579,1,2.0,True,3.026,1
45,McGinn,AVL,MID,5.5,2.598,1.841,62.9,0.737,1,2.0,True,2.711,1
377,Munoz,LIV,MID,6.5,2.592,1.824,60.7,0.675,1,2.3,False,2.0,0
335,Stach,LEE,MID,6.0,2.591,1.727,62.4,0.737,1,2.1,True,3.605,1
417,Dalot,MUN,DEF,5.0,2.591,2.01,66.7,0.763,1,2.2,True,2.921,1
261,Iwobi,FUL,MID,5.5,2.577,1.699,64.1,0.763,1,2.0,True,2.711,1
499,Pedro Porro,TOT,DEF,5.5,2.574,1.946,71.8,0.842,1,2.5,True,3.079,1
222,Strand Larsen,CRY,FWD,6.0,2.533,1.738,62.7,0.684,1,2.0,True,1.974,1
571,Florentino,IPS,MID,5.0,2.526,1.329,63.4,0.714,1,1.5,True,2.4,1
552,Brobbey,SUN,FWD,6.0,2.522,1.862,57.9,0.629,1,2.0,True,2.629,1
494,Vicario,TOT,GKP,4.5,2.499,1.392,68.5,0.816,1,1.9,True,2.368,1
201,Muñoz,CRY,DEF,5.5,2.498,2.101,64.1,0.763,1,2.5,True,3.579,1
400,Doku,MCI,MID,7.5,2.48,1.841,47.8,0.5,1,2.6,True,3.158,1
569,Gonzalo,FUL,FWD,6.0,2.473,1.968,50.2,0.55,1,2.0,False,2.0,0
442,Pope,NEW,GKP,5.0,2.471,1.484,59.7,0.711,1,2.6,True,2.526,1
527,Richarlison,TOT,FWD,6.0,2.464,1.903,50.5,0.526,1,2.0,True,3.132,1
41,Buendía,AVL,MID,6.0,2.454,1.778,54.3,0.553,1,2.1,True,2.684,1
545,Sadiki,SUN,MID,5.0,2.444,1.425,72.9,0.868,1,1.5,True,2.105,1
257,Bassey,FUL,DEF,4.5,2.43,1.901,62.9,0.737,1,1.7,True,2.711,1
8,Calafiori,ARS,DEF,5.5,2.429,2.222,50.7,0.579,1,2.5,True,2.868,0
482,Hudson-Odoi,NFO,MID,6.0,2.386,1.734,51.2,0.553,1,2.1,True,2.316,1
404,Reijnders,MCI,MID,6.0,2.366,1.931,46.7,0.5,1,2.1,True,2.421,0
457,J.Murphy,NEW,MID,6.0,2.363,1.754,49.4,0.5,1,2.1,True,2.158,0
130,Wieffer,BHA,DEF,5.0,2.35,1.917,52.4,0.605,1,2.2,True,2.474,1
144,Gusto,CHE,DEF,5.0,2.35,1.927,61.7,0.684,1,2.2,True,2.526,1
358,Kerkez,LIV,DEF,5.5,2.336,1.845,63.4,0.711,1,2.5,True,2.237,1
123,Hinshelwood,BHA,MID,6.0,2.335,1.908,47.9,0.526,1,2.1,True,2.395,1
81,Rodríguez,BOU,FWD,6.0,2.321,1.835,50.2,0.55,1,2.0,False,2.0,0
532,Ballard,SUN,DEF,5.0,2.32,1.91,55.7,0.632,1,2.2,True,3.053,1
449,Hall,NEW,DEF,5.0,2.298,1.805,56.2,0.632,1,2.2,True,2.079,1
336,Okafor,LEE,MID,6.0,2.272,1.88,48.0,0.514,1,2.1,True,2.946,0
125,Georginio,BHA,FWD,5.5,2.251,1.659,50.5,0.526,1,1.8,True,2.289,1
484,Hutchinson,NFO,MID,5.5,2.243,1.63,46.2,0.459,1,2.0,True,2.216,1
108,Wilson,BRE,FWD,5.5,2.238,1.853,35.4,0.289,1,1.8,True,2.105,0
488,Sangaré,NFO,MID,5.0,2.198,1.444,56.8,0.658,1,1.5,True,2.342,1
461,Touré,NEW,MID,6.0,2.186,1.692,50.2,0.55,1,2.1,False,2.0,0
115,De Cuyper,BHA,DEF,4.5,2.179,1.869,44.4,0.447,1,1.7,True,2.211,0
373,C.Jones,LIV,MID,5.5,2.178,1.5,48.2,0.474,1,2.0,True,2.132,1
209,Johnson,EVE,MID,6.0,2.174,1.612,49.9,0.5,1,2.1,True,1.711,0
269,Sessegnon,FUL,DEF,4.5,2.17,1.769,47.9,0.526,1,1.7,True,2.5,1
53,Manzambi,AVL,MID,6.0,2.142,1.659,50.2,0.55,1,2.1,False,2.0,0
9,Hincapie,ARS,DEF,5.5,2.127,1.661,50.9,0.571,1,2.5,True,2.486,1
74,Brooks,BOU,MID,5.0,2.11,1.9,38.2,0.342,1,1.5,True,1.553,0
129,Ayari,BHA,MID,5.5,2.106,1.532,48.9,0.526,1,2.0,True,2.579,1
448,Burn,NEW,DEF,5.0,2.095,1.732,57.4,0.658,1,2.2,True,2.447,1
390,Rúben,MCI,DEF,5.5,2.081,1.649,54.1,0.632,1,2.5,True,2.974,1
332,Justin,LEE,DEF,4.5,2.079,1.766,53.4,0.583,1,1.7,True,2.611,1
258,Castagne,FUL,DEF,4.5,2.078,1.748,49.5,0.526,1,1.7,True,1.605,1
350,A.Becker,LIV,GKP,5.5,2.078,1.311,57.5,0.684,1,3.3,True,2.395,1
214,Kamada,CRY,MID,5.0,2.075,1.468,51.8,0.579,1,1.5,True,1.763,1
472,Murillo,NFO,DEF,5.5,2.075,1.702,55.3,0.658,1,2.5,True,2.184,1
347,Nmecha,LEE,FWD,5.5,2.07,1.755,33.2,0.263,1,1.8,True,1.921,0
533,Mukiele,SUN,DEF,5.5,2.062,1.77,54.5,0.649,1,1.9,True,4.081,1
447,Botman,NEW,DEF,5.0,2.041,1.774,48.5,0.553,1,2.2,True,2.342,1
316,Emersonn,IPS,FWD,5.5,2.029,1.794,39.7,0.425,1,1.8,False,2.0,0
535,Alderete,SUN,DEF,5.0,2.016,1.686,53.4,0.632,1,1.6,True,3.289,1
18,Martinelli,ARS,MID,6.5,2.003,1.794,34.3,0.289,1,2.3,True,1.5,0
458,Joelinton,NEW,MID,5.5,1.996,1.548,52.9,0.605,1,2.0,True,1.921,1
295,McBurnie,HUL,FWD,5.5,1.983,1.75,39.7,0.425,1,1.8,False,2.0,0
142,James,CHE,DEF,5.5,1.972,1.672,48.9,0.526,1,2.5,True,3.026,1
43,Tielemans,MUN,MID,6.0,1.97,1.398,48.5,0.553,1,2.1,True,1.789,1
16,Madueke,ARS,MID,6.5,1.96,1.543,40.6,0.421,1,2.3,True,1.895,0
553,Isidor,SUN,FWD,5.5,1.96,1.579,35.4,0.289,1,1.8,True,1.947,0
505,Spence,TOT,DEF,4.5,1.95,1.628,54.5,0.605,1,1.7,True,2.053,1
582,Madjo,AVL,FWD,5.5,1.948,1.717,39.7,0.425,1,1.8,False,2.0,0
87,Ajer,BRE,DEF,4.5,1.946,1.584,47.9,0.526,1,1.7,True,2.0,1
454,Elanga,NEW,MID,6.0,1.945,1.432,40.4,0.368,1,2.1,True,1.263,0
420,Yoro,MUN,DEF,5.0,1.943,1.585,47.2,0.474,1,2.2,True,1.474,1
268,King,FUL,MID,5.5,1.937,1.534,42.1,0.395,1,2.0,True,1.658,0
36,Maatsen,AVL,DEF,4.5,1.911,1.632,44.4,0.447,1,1.7,True,1.421,0
15,Ødegaard,ARS,MID,6.5,1.899,1.521,39.6,0.421,1,2.3,True,1.947,0
267,Lukić,IPS,MID,5.0,1.898,1.568,47.4,0.526,1,1.5,True,1.763,1
514,Tel,TOT,MID,6.0,1.879,1.467,38.2,0.342,1,2.1,True,2.053,0
256,Tete,FUL,DEF,4.5,1.871,1.646,46.9,0.553,1,1.7,True,2.132,1
160,Garnacho,AVL,MID,6.0,1.862,1.668,36.2,0.368,1,2.1,True,1.474,0
212,Hughes,CRY,MID,4.5,1.857,1.349,48.3,0.5,1,1.0,True,1.184,0
487,Dominguez,NFO,MID,5.0,1.839,1.467,42.8,0.447,1,1.5,True,1.263,0
549,Talbi,SUN,MID,5.5,1.839,1.399,41.7,0.421,1,2.0,True,2.184,0
60,Hill,BOU,DEF,5.5,1.832,1.516,52.3,0.579,1,2.5,True,2.895,1
516,Bentancur,TOT,MID,5.5,1.819,1.2,52.4,0.605,1,2.0,True,2.263,1
439,Šeško,MUN,FWD,7.0,1.801,1.675,33.3,0.336,1,1.7,True,2.921,0
167,Delap,CHE,FWD,5.5,1.795,1.571,34.9,0.316,1,1.8,True,1.184,0
565,Sangaré,BRE,MID,5.5,1.784,1.542,39.7,0.425,1,2.0,False,2.0,0
247,Hackney,EVE,MID,5.5,1.784,1.542,39.7,0.425,1,2.0,False,2.0,0
313,Clarke,IPS,MID,5.5,1.784,1.542,39.7,0.425,1,2.0,False,2.0,0
315,Fatawu,IPS,MID,5.5,1.784,1.542,39.7,0.425,1,2.0,False,2.0,0
318,Philogene,IPS,MID,5.5,1.784,1.542,39.7,0.425,1,2.0,False,2.0,0
562,Maeda,IPS,MID,5.5,1.784,1.542,39.7,0.425,1,2.0,False,2.0,0
213,Lerma,CRY,MID,5.0,1.777,1.372,46.6,0.474,1,1.5,True,1.816,1
327,Bijol,LEE,DEF,5.0,1.756,1.519,48.5,0.553,1,2.2,True,2.605,1
570,Palacios,FUL,MID,5.5,1.747,1.504,39.7,0.425,1,2.0,False,2.0,0
77,Adli,BOU,MID,5.0,1.736,1.409,34.1,0.27,1,1.5,True,1.811,0
164,Quenda,CHE,MID,5.5,1.713,1.475,39.7,0.425,1,2.0,False,2.0,0
568,Barco,CHE,MID,5.5,1.713,1.475,39.7,0.425,1,2.0,False,2.0,0
415,Dorgu,MUN,MID,6.0,1.702,1.451,38.9,0.395,1,2.1,True,2.5,0
345,Tanaka,LEE,MID,5.0,1.68,1.282,38.3,0.368,1,1.5,True,1.763,0
391,Gvardiol,MCI,DEF,5.5,1.661,1.741,36.4,0.421,1,2.5,True,2.079,0
56,Abraham,AVL,FWD,5.5,1.652,1.451,24.5,0.133,1,1.8,True,1.533,0
456,J.Ramsey,NEW,MID,5.0,1.651,1.301,40.0,0.395,1,1.5,True,1.632,0
581,Diomande,NFO,DEF,5.5,1.65,1.5,39.7,0.425,1,2.5,False,2.0,0
432,Mainoo,MUN,MID,5.5,1.647,1.123,41.7,0.421,1,2.0,True,1.921,0
188,Torp,COV,MID,5.5,1.644,1.401,39.7,0.425,1,2.0,False,2.0,0
584,Hamer,COV,MID,5.5,1.644,1.401,39.7,0.425,1,2.0,False,2.0,0
254,Robinson,FUL,DEF,4.5,1.637,1.577,40.2,0.447,1,1.7,True,1.711,0
536,Reinildo,SUN,DEF,4.5,1.636,1.454,51.9,0.605,1,1.7,True,1.947,1
190,Tchaouna,COV,MID,5.5,1.633,1.219,38.8,0.368,1,2.0,True,1.553,0
240,Iroegbunam,EVE,MID,5.0,1.632,1.218,43.9,0.447,1,1.5,True,1.789,0
522,Gray,TOT,MID,5.0,1.624,1.32,42.9,0.474,1,1.5,True,1.605,0
483,Ndoye,NFO,MID,5.5,1.613,1.322,36.2,0.368,1,2.0,True,1.316,0
157,Estêvão,CHE,MID,6.5,1.602,1.591,31.8,0.316,1,2.3,True,1.526,0
162,Andrey Santos,MUN,MID,5.0,1.599,1.35,36.1,0.342,1,1.5,True,1.237,0
418,Maguire,MUN,DEF,5.0,1.599,1.545,44.1,0.5,1,2.2,True,2.368,0
405,N.Gonzalez,MCI,MID,5.5,1.592,1.224,41.8,0.447,1,2.0,True,1.658,0
17,Merino,ARS,MID,6.0,1.587,1.564,28.4,0.263,1,2.1,True,1.763,0
73,Adams,BOU,MID,5.0,1.581,1.118,48.5,0.553,1,1.5,True,2.026,1
500,Romero,TOT,DEF,5.0,1.581,1.656,49.2,0.579,1,2.2,True,2.395,1
465,Osula,NEW,FWD,6.0,1.577,1.487,26.1,0.211,1,2.0,True,2.0,0
34,Pau,AVL,DEF,4.5,1.555,1.53,41.4,0.474,1,1.7,True,1.684,0
98,Janelt,BRE,MID,5.0,1.554,1.295,38.4,0.395,1,1.5,True,1.947,0
263,Kevin,FUL,MID,5.5,1.554,1.257,31.3,0.257,1,2.0,True,1.4,0
393,Khusanov,MCI,DEF,5.5,1.539,1.435,36.3,0.395,1,2.5,True,1.763,0
473,Aina,NFO,DEF,4.5,1.537,1.452,39.8,0.474,1,1.7,True,1.763,0
317,Hirst,IPS,FWD,5.0,1.527,1.539,29.2,0.3,1,1.4,False,2.0,0
320,Akpom,IPS,FWD,5.0,1.527,1.539,29.2,0.3,1,1.4,False,2.0,0
322,Al-Hamadi,IPS,FWD,5.0,1.527,1.539,29.2,0.3,1,1.4,False,2.0,0
152,Palestra,CHE,DEF,5.5,1.519,1.425,39.7,0.425,1,2.5,False,2.0,0
579,Araujo,LIV,DEF,5.5,1.519,1.425,39.7,0.425,1,2.5,False,2.0,0
518,P.M.Sarr,TOT,MID,5.0,1.516,1.227,35.6,0.342,1,1.5,True,1.868,0
89,Henry,BRE,DEF,4.5,1.513,1.284,36.7,0.368,1,1.7,True,1.368,0
241,McNeil,CRY,MID,5.5,1.508,1.286,35.2,0.368,1,2.0,True,1.395,0
543,Diarra,SUN,MID,5.5,1.497,1.47,35.8,0.395,1,2.0,True,1.711,0
264,Bobb,FUL,MID,5.5,1.484,1.319,30.6,0.289,1,2.0,True,1.105,0
551,Angulo,SUN,MID,5.0,1.482,1.358,34.3,0.357,1,1.5,True,0.929,0
101,Henderson,CHE,MID,5.0,1.481,1.096,40.4,0.434,1,1.1,True,2.0,1
430,Mount,MUN,MID,5.5,1.481,1.323,32.3,0.316,1,2.0,True,1.526,0
470,Morato,NFO,DEF,5.0,1.456,1.485,34.6,0.368,1,2.2,True,1.395,0
203,Canvot,CRY,DEF,5.0,1.44,1.465,37.0,0.4,1,2.2,True,2.057,0
501,Danso,TOT,DEF,5.0,1.409,1.351,41.3,0.447,1,2.2,True,1.658,0
403,Savinho,MCI,MID,6.5,1.405,1.386,24.4,0.184,1,2.3,True,1.132,0
194,Thomas-Asante,COV,FWD,5.0,1.404,1.399,29.2,0.3,1,1.4,False,2.0,0
195,Simms,COV,FWD,5.0,1.404,1.399,29.2,0.3,1,1.4,False,2.0,0
196,Markelo,COV,FWD,5.0,1.404,1.399,29.2,0.3,1,1.4,False,2.0,0
490,Wood,NFO,FWD,6.0,1.376,1.483,26.4,0.289,1,2.0,True,1.079,0
502,Robertson,TOT,DEF,4.5,1.371,1.311,31.2,0.289,1,1.7,True,1.447,0
401,Marmoush,MCI,FWD,7.0,1.369,1.406,24.5,0.211,1,2.2,True,1.474,0
460,Willock,NEW,MID,5.0,1.369,1.224,29.5,0.263,1,1.5,True,1.0,0
271,Muniz,FUL,FWD,5.5,1.366,1.364,27.9,0.263,1,1.8,True,0.947,0
33,Mings,AVL,DEF,4.5,1.349,1.441,34.2,0.395,1,1.7,True,1.316,0
325,Darlow,MUN,GKP,4.5,1.346,1.045,36.5,0.434,1,1.4,True,1.868,1
309,Núñez,IPS,MID,5.0,1.342,1.321,29.2,0.3,1,1.5,False,2.0,0
314,Ogbene,IPS,MID,5.0,1.342,1.321,29.2,0.3,1,1.5,False,2.0,0
319,Szmodics,IPS,MID,5.0,1.342,1.321,29.2,0.3,1,1.5,False,2.0,0
324,Mehmeti,IPS,MID,5.0,1.342,1.321,29.2,0.3,1,1.5,False,2.0,0
410,Monga,MCI,MID,5.0,1.342,1.321,29.2,0.3,1,1.5,False,2.0,0
558,Schlager,NFO,MID,5.0,1.342,1.321,29.2,0.3,1,1.5,False,2.0,0
339,Longstaff,LEE,MID,5.0,1.336,1.187,28.9,0.263,1,1.5,True,1.474,0
35,Bogarde,AVL,MID,5.0,1.324,0.969,33.3,0.289,1,1.5,True,1.053,0
520,Bergvall,TOT,MID,5.5,1.321,1.157,30.6,0.289,1,2.0,True,1.289,0
357,Frimpong,LIV,DEF,5.5,1.316,1.283,31.3,0.316,1,2.5,True,1.658,0
135,Yohanna,BHA,MID,5.0,1.315,1.289,29.2,0.3,1,1.5,False,2.0,0
580,Charles,FUL,MID,5.0,1.315,1.289,29.2,0.3,1,1.5,False,2.0,0
286,Belloumi,HUL,MID,5.0,1.315,1.289,29.2,0.3,1,1.5,False,2.0,0
287,Millar,HUL,MID,5.0,1.315,1.289,29.2,0.3,1,1.5,False,2.0,0
292,Ömür,HUL,MID,5.0,1.315,1.289,29.2,0.3,1,1.5,False,2.0,0
296,Akintola,HUL,MID,5.0,1.315,1.289,29.2,0.3,1,1.5,False,2.0,0
563,Morita,HUL,MID,5.0,1.315,1.289,29.2,0.3,1,1.5,False,2.0,0
574,Hjertø-Dahl,HUL,MID,5.0,1.315,1.289,29.2,0.3,1,1.5,False,2.0,0
576,Stroud,HUL,MID,5.0,1.315,1.289,29.2,0.3,1,1.5,False,2.0,0
462,Steur,NEW,MID,5.0,1.315,1.289,29.2,0.3,1,1.5,False,2.0,0
559,Bamba,NEW,MID,5.0,1.315,1.289,29.2,0.3,1,1.5,False,2.0,0
392,Aït-Nouri,MCI,DEF,5.5,1.309,1.368,29.2,0.316,1,2.5,True,1.579,0
47,Kamara,AVL,MID,5.0,1.298,1.11,38.1,0.447,1,1.5,True,1.605,0
381,Koumas,LIV,MID,5.0,1.29,1.264,29.2,0.3,1,1.5,False,2.0,0
238,Grealish,MCI,MID,6.5,1.286,1.327,30.6,0.355,1,1.7,True,2.079,0
440,Zirkzee,MUN,FWD,5.5,1.263,1.255,21.1,0.132,1,1.8,True,1.105,0
587,Rulli,MCI,GKP,5.0,1.247,0.921,29.2,0.3,1,2.6,False,2.0,0
184,Grimes,COV,MID,5.0,1.24,1.201,29.2,0.3,1,1.5,False,2.0,0
185,Sakamoto,COV,MID,5.0,1.24,1.201,29.2,0.3,1,1.5,False,2.0,0
187,Eccles,COV,MID,5.0,1.24,1.201,29.2,0.3,1,1.5,False,2.0,0
575,Yirenkyi,COV,MID,5.0,1.24,1.201,29.2,0.3,1,1.5,False,2.0,0
42,Guessand,CRY,MID,5.5,1.238,1.151,26.2,0.237,1,2.0,True,1.158,0
186,Mason-Clark,COV,MID,5.5,1.232,1.213,29.8,0.319,1,1.5,False,2.0,0
70,Kluivert,BOU,MID,6.0,1.229,1.268,27.4,0.263,1,2.1,True,1.079,0
567,Horníček,NEW,GKP,5.0,1.218,0.902,29.2,0.3,1,2.6,False,2.0,0
512,Kudus,TOT,MID,6.5,1.218,1.22,31.5,0.375,1,1.7,True,1.974,0
326,Perri,LEE,GKP,4.5,1.213,0.999,35.4,0.421,1,1.9,True,1.132,0
120,Svoboda,BHA,DEF,5.0,1.211,1.244,29.2,0.3,1,2.2,False,2.0,0
548,Rigg,SUN,MID,5.0,1.207,1.166,28.0,0.289,1,1.5,True,0.947,0
506,Udogie,TOT,DEF,4.5,1.194,1.177,34.1,0.368,1,1.7,True,0.763,0
215,Devenny,CRY,MID,5.0,1.19,1.193,22.8,0.184,1,1.5,True,0.947,0
64,Smith,BOU,DEF,4.5,1.182,1.107,35.2,0.368,1,1.7,True,1.526,0
526,Solanke,TOT,FWD,6.0,1.173,1.248,26.4,0.289,1,2.0,True,1.053,0
46,Barkley,AVL,MID,5.0,1.167,1.143,22.8,0.184,1,1.5,True,1.474,0
148,Hato,CHE,DEF,4.5,1.167,1.179,31.8,0.316,1,1.7,True,0.5,0
37,Lindelöf,AVL,DEF,4.5,1.162,1.151,29.8,0.314,1,1.7,True,0.829,0
446,Schär,NEW,DEF,5.0,1.161,1.28,26.9,0.289,1,2.2,True,1.342,0
583,Chavarria,CHE,DEF,5.0,1.159,1.209,29.2,0.3,1,2.2,False,2.0,0
362,Jacquet,LIV,DEF,5.0,1.159,1.209,29.2,0.3,1,2.2,False,2.0,0
62,Diakité,BOU,DEF,5.0,1.15,1.117,34.7,0.395,1,2.2,True,1.211,0
90,Hickey,BRE,DEF,4.5,1.129,1.119,24.5,0.211,1,1.7,True,0.974,0
334,Muharemović,LEE,DEF,5.0,1.12,1.176,29.2,0.3,1,2.2,False,2.0,0
11,Mosquera,ARS,DEF,5.5,1.115,1.091,25.7,0.237,1,2.5,True,1.053,0
422,Mazraoui,MUN,DEF,4.5,1.114,1.107,29.1,0.289,1,1.7,True,1.395,0
170,Emegha,CHE,FWD,5.0,1.1,1.275,21.9,0.225,1,1.0,False,2.0,0
566,Silva,BOU,DEF,5.0,1.083,1.145,29.2,0.3,1,2.2,False,2.0,0
478,Netz,NFO,DEF,4.5,1.076,1.067,23.7,0.214,1,1.7,True,0.786,0
464,Wissa,NEW,FWD,6.0,1.065,1.213,16.7,0.105,1,2.0,True,0.711,0
369,Ngumoha,LIV,MID,6.0,1.056,1.121,18.4,0.132,1,2.1,True,1.132,0
370,Chiesa,LIV,MID,5.5,1.042,1.05,15.4,0.026,1,2.0,True,0.974,0
26,Havertz,ARS,FWD,7.5,1.038,1.32,18.1,0.184,1,2.3,True,0.947,0
379,Isak,LIV,FWD,9.0,1.037,1.193,20.8,0.211,1,2.7,True,1.079,0
243,Alcaraz,EVE,MID,5.0,1.032,1.091,20.6,0.158,1,1.5,True,0.763,0
321,Walle Egeli,IPS,FWD,4.5,1.024,1.231,18.7,0.175,1,1.0,False,2.0,0
138,Kostoulas,BHA,FWD,5.5,1.021,1.116,14.4,0.053,1,1.8,True,0.921,0
421,Heaven,MUN,DEF,4.5,1.02,1.126,27.5,0.289,1,1.7,True,1.105,0
343,James,LEE,MID,5.0,1.01,1.016,20.1,0.158,1,1.5,True,0.605,0
298,Destan,HUL,FWD,4.5,1.002,1.201,18.7,0.175,1,1.0,False,2.0,0
492,Awoniyi,NFO,FWD,5.5,0.988,1.198,14.0,0.079,1,1.8,True,1.132,0
76,Tóth.A,BOU,MID,5.0,0.984,0.958,19.2,0.125,1,1.5,True,0.5,0
10,White,ARS,DEF,5.5,0.981,1.169,21.5,0.237,1,2.5,True,1.184,0
341,Gnonto,LEE,MID,5.0,0.981,0.914,18.8,0.105,1,1.5,True,0.842,0
246,Röhl,EVE,MID,5.0,0.974,0.991,20.1,0.171,1,1.5,True,1.029,0
255,J.Cuenca,FUL,DEF,4.5,0.969,1.103,26.4,0.289,1,1.7,True,1.026,0
450,Livramento,NEW,DEF,5.0,0.967,1.071,24.4,0.276,1,1.6,True,1.553,0
151,Acheampong,CHE,DEF,4.5,0.961,1.081,22.4,0.211,1,1.7,True,1.026,0
183,Rudoni,COV,MID,5.0,0.93,1.04,21.9,0.225,1,1.1,False,2.0,0
485,Bakwa,NFO,MID,5.5,0.918,1.019,19.0,0.171,1,2.0,True,0.743,0
7,Lewis-Skelly,ARS,MID,5.5,0.915,0.872,18.9,0.132,1,2.0,True,0.763,0
546,Adingra,SUN,MID,5.0,0.907,0.977,22.5,0.237,1,1.5,True,0.895,0
323,McAteer,IPS,MID,4.5,0.901,1.056,18.7,0.175,1,1.0,False,2.0,0
71,Cook,BOU,MID,5.0,0.899,0.829,22.9,0.211,1,1.5,True,1.053,0
259,Diop,IPS,DEF,4.0,0.892,1.114,20.3,0.211,1,1.0,True,0.816,0
351,Mamardashvili,LIV,GKP,5.0,0.892,0.812,22.1,0.263,1,2.6,True,0.895,0
288,Dowell,HUL,MID,4.5,0.884,1.03,18.7,0.175,1,1.0,False,2.0,0
289,Crooks,HUL,MID,4.5,0.884,1.03,18.7,0.175,1,1.0,False,2.0,0
290,Slater,HUL,MID,4.5,0.884,1.03,18.7,0.175,1,1.0,False,2.0,0
147,Tosin,CHE,DEF,4.5,0.879,0.957,21.9,0.211,1,1.7,True,0.895,0
158,Gittens,CHE,MID,6.0,0.873,0.971,16.8,0.132,1,2.1,True,0.658,0
489,Yates,NFO,MID,4.5,0.87,0.84,14.9,0.053,1,1.0,True,0.789,0
419,Martinez,MUN,DEF,5.0,0.853,1.005,23.5,0.257,1,1.6,True,1.342,0
114,Boscagli,BHA,DEF,4.5,0.845,1.007,21.5,0.237,1,1.7,True,1.026,0
93,Schuster,BRE,DEF,4.5,0.841,0.995,18.7,0.175,1,1.7,False,2.0,0
189,Shepherd,COV,MID,4.5,0.837,0.96,18.7,0.175,1,1.0,False,2.0,0
191,Borges Rodrigues,COV,MID,4.5,0.837,0.96,18.7,0.175,1,1.0,False,2.0,0
192,Andrews,COV,MID,4.5,0.837,0.96,18.7,0.175,1,1.0,False,2.0,0
119,Costinha,BHA,DEF,4.5,0.82,0.972,18.7,0.175,1,1.7,False,2.0,0
27,G.Jesus,ARS,FWD,6.0,0.816,1.096,12.4,0.079,1,2.0,True,0.632,0
300,Walton,IPS,GKP,4.5,0.813,0.704,18.7,0.175,1,1.9,False,2.0,0
554,Van Oevelen,IPS,GKP,4.5,0.813,0.704,18.7,0.175,1,1.9,False,2.0,0
244,Armstrong,EVE,MID,5.0,0.809,0.965,16.9,0.158,1,1.5,True,0.553,0
572,Tzolakis,HUL,GKP,4.5,0.797,0.689,18.7,0.175,1,1.9,False,2.0,0
444,Jaouen,NEW,GKP,4.5,0.797,0.689,18.7,0.175,1,1.9,False,2.0,0
541,Meunier,SUN,DEF,4.5,0.79,0.945,18.7,0.175,1,1.7,False,2.0,0
169,Mheuka,CHE,FWD,4.5,0.78,0.861,10.0,0.0,1,1.0,True,0.5,0
207,Mingueza,CRY,DEF,4.5,0.768,0.92,18.7,0.175,1,1.7,False,2.0,0
577,Tomiyasu,CRY,DEF,4.5,0.768,0.92,18.7,0.175,1,1.7,False,2.0,0
348,Piroe,LEE,FWD,5.0,0.762,0.897,11.8,0.053,1,1.4,True,0.447,0
303,Kipré,IPS,DEF,4.0,0.758,0.929,16.6,0.15,1,1.0,False,2.0,0
304,O'Shea,IPS,DEF,4.0,0.758,0.929,16.6,0.15,1,1.0,False,2.0,0
305,Davis,IPS,DEF,4.0,0.758,0.929,16.6,0.15,1,1.0,False,2.0,0
306,Greaves,IPS,DEF,4.0,0.758,0.929,16.6,0.15,1,1.0,False,2.0,0
307,Johnson,IPS,DEF,4.0,0.758,0.929,16.6,0.15,1,1.0,False,2.0,0
308,Furlong,IPS,DEF,4.0,0.758,0.929,16.6,0.15,1,1.0,False,2.0,0
479,Bindon,NFO,DEF,4.0,0.758,0.929,16.6,0.15,1,1.0,False,2.0,0
573,Sanchez,BOU,DEF,4.5,0.747,0.895,18.7,0.175,1,1.7,False,2.0,0
277,Egan,HUL,DEF,4.0,0.74,0.908,16.6,0.15,1,1.0,False,2.0,0
279,Ajayi,HUL,DEF,4.0,0.74,0.908,16.6,0.15,1,1.0,False,2.0,0
280,Coyle,HUL,DEF,4.0,0.74,0.908,16.6,0.15,1,1.0,False,2.0,0
282,Giles,HUL,DEF,4.0,0.74,0.908,16.6,0.15,1,1.0,False,2.0,0
284,McCarthy,HUL,DEF,4.0,0.74,0.908,16.6,0.15,1,1.0,False,2.0,0
285,McNair,HUL,DEF,4.0,0.74,0.908,16.6,0.15,1,1.0,False,2.0,0
585,Herrington,HUL,DEF,4.0,0.74,0.908,16.6,0.15,1,1.0,False,2.0,0
586,Mendy,HUL,DEF,4.0,0.74,0.908,16.6,0.15,1,1.0,False,2.0,0
172,Wilson,COV,GKP,4.5,0.738,0.627,18.7,0.175,1,1.9,False,2.0,0
245,Dibling,EVE,MID,5.5,0.731,0.857,14.9,0.111,1,2.0,True,0.5,0
301,Palmer,IPS,GKP,4.0,0.729,0.652,16.6,0.15,1,1.0,False,2.0,0
302,Button,IPS,GKP,4.0,0.729,0.652,16.6,0.15,1,1.0,False,2.0,0
230,Branthwaite,EVE,DEF,5.5,0.726,0.966,17.1,0.184,1,2.5,True,0.842,0
39,Nedeljkovic,AVL,DEF,4.0,0.715,0.883,16.6,0.15,1,1.0,False,2.0,0
273,Phillips,HUL,GKP,4.0,0.715,0.638,16.6,0.15,1,1.0,False,2.0,0
276,Lo-Tutala,HUL,GKP,4.0,0.715,0.638,16.6,0.15,1,1.0,False,2.0,0
355,Davies,LIV,GKP,4.0,0.694,0.615,16.6,0.15,1,1.0,False,2.0,0
173,Thomas,COV,DEF,4.0,0.677,0.836,16.6,0.15,1,1.0,False,2.0,0
174,Kitching,COV,DEF,4.0,0.677,0.836,16.6,0.15,1,1.0,False,2.0,0
175,van Ewijk,COV,DEF,4.0,0.677,0.836,16.6,0.15,1,1.0,False,2.0,0
176,Dasilva,COV,DEF,4.0,0.677,0.836,16.6,0.15,1,1.0,False,2.0,0
177,Kesler-Hayden,COV,DEF,4.0,0.677,0.836,16.6,0.15,1,1.0,False,2.0,0
178,Bidwell,COV,DEF,4.0,0.677,0.836,16.6,0.15,1,1.0,False,2.0,0
179,Latibeaudiere,COV,DEF,4.0,0.677,0.836,16.6,0.15,1,1.0,False,2.0,0
180,Woolfenden,COV,DEF,4.0,0.677,0.836,16.6,0.15,1,1.0,False,2.0,0
181,Brau,COV,DEF,4.0,0.677,0.836,16.6,0.15,1,1.0,False,2.0,0
182,Amenda,COV,DEF,4.0,0.677,0.836,16.6,0.15,1,1.0,False,2.0,0
171,Dovin,COV,GKP,4.0,0.665,0.581,16.6,0.15,1,1.0,False,2.0,0
531,Ellborg,SUN,GKP,4.5,0.664,0.735,18.0,0.214,1,1.9,True,1.143,0
474,Jair Cunha,NFO,DEF,4.5,0.648,0.901,14.8,0.158,1,1.7,True,0.342,0
44,Bailey,AVL,MID,5.5,0.646,0.809,11.9,0.079,1,2.0,True,0.553,0
161,Lavia,CHE,MID,5.0,0.637,0.785,13.1,0.105,1,1.5,True,0.342,0
242,George,EVE,MID,5.5,0.627,0.787,9.6,0.026,1,2.0,True,0.421,0
547,Mundle,SUN,MID,5.0,0.624,0.783,10.7,0.053,1,1.5,True,0.368,0
395,Lewis,MCI,DEF,4.5,0.616,0.848,12.5,0.105,1,1.7,True,0.5,0
333,Bornauw,LEE,DEF,4.5,0.614,0.787,14.7,0.132,1,1.7,True,0.658,0
486,McAtee,NFO,MID,5.5,0.614,0.75,10.7,0.053,1,2.0,True,0.447,0
224,Nketiah,CRY,FWD,5.5,0.596,0.831,9.7,0.053,1,1.8,True,0.605,0
539,O'Nien,SUN,DEF,4.0,0.595,0.787,14.7,0.132,1,1.0,True,0.684,0
206,Chadi Riad,CRY,DEF,4.5,0.57,0.843,14.8,0.158,1,1.7,True,0.526,0
283,Jacob,HUL,DEF,4.0,0.56,0.786,12.4,0.112,1,0.8,False,2.0,0
511,Souza,TOT,DEF,4.0,0.555,0.779,13.9,0.133,1,1.0,True,0.2,0
146,B.Badiashile,CHE,DEF,4.5,0.536,0.798,14.3,0.158,1,1.7,True,0.184,0
496,Kinsky,TOT,GKP,4.5,0.531,0.661,15.5,0.184,1,1.9,True,0.526,0
29,M.Bizot,AVL,GKP,4.5,0.495,0.629,13.8,0.158,1,1.9,True,0.421,0
168,Marc Guiu,CHE,FWD,5.0,0.48,0.745,6.9,0.026,1,1.4,True,0.342,0
468,John,NFO,GKP,4.5,0.456,0.635,12.0,0.143,1,1.9,True,0.314,0
394,Alleyne,MCI,DEF,5.0,0.405,0.786,9.3,0.111,1,2.2,True,0.278,0
234,Patterson,EVE,DEF,4.5,0.403,0.648,8.7,0.079,1,1.7,True,0.579,0
24,Nelson,ARS,MID,5.5,0.394,0.622,5.3,0.0,1,2.0,True,0.342,0
493,Kalimuendo,NFO,FWD,5.5,0.391,0.63,4.9,0.0,1,1.8,True,0.243,0
126,O'Riley,BHA,MID,5.5,0.359,0.697,6.5,0.053,1,2.0,True,0.421,0
91,Pinnock,BRE,DEF,4.5,0.342,0.693,8.8,0.105,1,1.7,True,0.368,0
132,Howell,BHA,MID,4.5,0.341,0.599,6.9,0.056,1,1.0,True,0.222,0
374,Endo,LIV,MID,5.0,0.331,0.528,5.9,0.026,1,1.5,True,0.316,0
137,Tzimas,BHA,FWD,5.5,0.325,0.603,4.8,0.02,1,1.3,True,0.421,0
20,Dowman,ARS,MID,5.5,0.322,0.654,5.0,0.027,1,2.0,True,0.432,0
270,Reed,FUL,MID,4.5,0.319,0.56,5.4,0.026,1,1.0,True,0.395,0
385,Trafford,LEE,GKP,5.0,0.316,0.5,8.8,0.105,1,2.6,True,0.342,0
21,Nørgaard,EVE,MID,5.0,0.314,0.547,5.4,0.026,1,1.5,True,0.184,0
272,Kusi-Asare,FUL,FWD,4.5,0.308,0.545,4.0,0.0,1,1.0,True,0.171,0
100,Carvalho,BRE,MID,5.0,0.293,0.586,4.8,0.026,1,1.5,True,0.342,0
406,Kovačić,MCI,MID,5.5,0.283,0.535,4.8,0.026,1,2.0,True,0.237,0
72,Gannon-Doak,BOU,MID,5.0,0.282,0.451,4.1,0.0,1,1.5,True,0.282,0
117,Coppola,BHA,DEF,4.5,0.262,0.519,6.0,0.053,1,1.7,True,0.263,0
38,A.García,AVL,DEF,4.0,0.245,0.418,4.8,0.026,1,1.0,True,0.132,0
383,Elliott,LIV,MID,5.5,0.238,0.491,4.3,0.026,1,2.0,True,0.132,0
52,Alysson,AVL,MID,5.0,0.232,0.418,3.3,0.0,1,1.5,True,0.167,0
375,Nyoni,LIV,MID,5.0,0.226,0.439,3.2,0.0,1,1.5,True,0.158,0
22,Nwaneri,ARS,MID,5.5,0.225,0.431,3.2,0.0,1,2.0,True,0.211,0
205,Sosa,CRY,DEF,4.5,0.219,0.29,3.7,0.0,1,1.7,True,0.158,0
477,Abbott,NFO,DEF,4.0,0.217,0.511,4.9,0.053,1,1.0,True,0.079,0
104,Onyeka,COV,MID,5.0,0.216,0.384,3.2,0.0,1,1.5,True,0.316,0
508,Davies,TOT,DEF,4.0,0.209,0.547,4.9,0.053,1,1.0,True,0.263,0
550,Jocelin.T,SUN,MID,5.0,0.209,0.529,5.3,0.063,1,1.5,True,0.063,0
149,Colwill,CHE,DEF,5.0,0.205,0.484,4.9,0.053,1,2.2,True,0.211,0
352,Woodman,LIV,GKP,4.0,0.194,0.364,4.9,0.053,1,1.0,True,0.158,0
118,Igor,BHA,DEF,4.5,0.186,0.397,3.8,0.026,1,1.7,True,0.158,0
150,M.Sarr,CHE,DEF,4.5,0.158,0.418,3.3,0.026,1,1.7,True,0.079,0
435,Lacey,MUN,MID,5.0,0.155,0.345,2.2,0.0,1,1.5,True,0.111,0
216,Esse,CRY,MID,5.0,0.144,0.32,2.1,0.0,1,1.5,True,0.105,0
438,Fletcher,MUN,MID,4.5,0.132,0.316,1.9,0.0,1,1.0,True,0.095,0
221,Drakes-Thomas,CRY,MID,4.5,0.125,0.302,1.8,0.0,1,1.0,True,0.091,0
537,Seelt,SUN,DEF,4.5,0.119,0.353,2.7,0.026,1,1.7,True,0.053,0
515,Maddison,TOT,MID,6.5,0.11,0.292,1.6,0.0,1,2.3,True,0.079,0
434,J.Fletcher,MUN,MID,5.0,0.108,0.278,1.6,0.0,1,1.5,True,0.079,0
163,D.Essugo,CHE,MID,4.5,0.106,0.286,1.6,0.0,1,1.0,True,0.026,0
51,George Hemmings,AVL,MID,4.5,0.103,0.28,1.5,0.0,1,1.0,True,0.074,0
103,Dasilva,BRE,MID,5.0,0.102,0.293,1.4,0.0,1,1.5,True,0.071,0
66,Soler,BOU,DEF,4.0,0.095,0.183,1.6,0.0,1,1.0,True,0.079,0
107,Furo,BRE,FWD,4.5,0.094,0.309,1.2,0.0,1,1.0,True,0.059,0
2,Arrizabalaga,ARS,GKP,5.0,0.089,0.278,2.2,0.026,1,2.6,True,0.053,0
83,Valdimarsson,BRE,GKP,4.5,0.087,0.273,2.2,0.026,1,1.9,True,0.026,0
409,Mukasa,MCI,MID,4.5,0.081,0.259,1.1,0.0,1,1.0,True,0.057,0
528,Scarlett,TOT,FWD,4.5,0.081,0.272,1.1,0.0,1,1.0,True,0.053,0
199,Benitez,CRY,GKP,4.5,0.08,0.25,2.2,0.026,1,1.9,True,0.184,0
99,Milambo,BRE,MID,5.0,0.069,0.309,1.7,0.02,1,1.1,True,0.026,0
437,Bendito Mantato,MUN,MID,4.5,0.063,0.218,0.9,0.0,1,1.0,True,0.045,0
134,Oriola,BHA,MID,4.5,0.045,0.189,0.6,0.0,1,1.0,True,0.032,0
510,Rowswell,TOT,DEF,4.0,0.043,0.128,0.7,0.0,1,1.0,True,0.036,0
466,Neave,NEW,FWD,4.5,0.041,0.201,0.5,0.0,1,1.0,True,0.026,0
509,Byfield,TOT,DEF,4.0,0.039,0.122,0.6,0.0,1,1.0,True,0.032,0
50,Burrowes,AVL,MID,4.5,0.037,0.168,0.5,0.0,1,1.0,True,0.027,0
524,Olusesi,TOT,MID,4.5,0.036,0.162,0.5,0.0,1,1.0,True,0.026,0
425,Fredricson,MUN,DEF,4.0,0.032,0.113,0.5,0.0,1,1.0,True,0.026,0
